country,type,median,lower_90,upper_90,lower_50,upper_50,prob_control
Algeria,nowcast,1.3,0.9,1.8,1.1,1.4,0.11
Algeria,nowcast,1.3,0.8,1.8,1.1,1.5,0.12
Algeria,nowcast,1.3,0.8,1.7,1.1,1.4,0.14
Algeria,nowcast,1.3,0.8,1.7,1.1,1.4,0.13
Algeria,nowcast,1.2,0.8,1.7,1.1,1.4,0.16
Algeria,nowcast,1.2,0.8,1.6,1,1.3,0.18
Algeria,nowcast,1.2,0.8,1.6,1,1.3,0.22
Algeria,nowcast,1.1,0.8,1.5,1,1.2,0.27
Algeria,nowcast,1.1,0.7,1.4,0.9,1.2,0.33
Algeria,nowcast,1.1,0.7,1.4,0.9,1.2,0.39
Algeria,nowcast,1,0.7,1.3,0.9,1.1,0.48
Algeria,nowcast,1,0.6,1.3,0.9,1.1,0.57
Algeria,nowcast,0.9,0.6,1.2,0.8,1.1,0.65
Algeria,nowcast,0.9,0.6,1.2,0.8,1,0.72
Algeria,nowcast,0.9,0.5,1.2,0.8,1,0.75
Algeria,nowcast,0.9,0.6,1.2,0.7,1,0.8
Algeria,nowcast,0.8,0.5,1.1,0.7,0.9,0.83
Algeria,nowcast,0.8,0.5,1.1,0.7,1,0.86
Algeria,nowcast,0.8,0.5,1.1,0.7,0.9,0.88
Algeria,nowcast,0.8,0.5,1.1,0.7,0.9,0.86
Algeria,nowcast,0.8,0.5,1.1,0.6,0.9,0.87
Algeria,nowcast,0.8,0.5,1.1,0.7,0.9,0.86
Algeria,nowcast,0.8,0.4,1.1,0.7,0.9,0.83
Algeria,nowcast,0.8,0.4,1.1,0.7,0.9,0.83
Algeria,nowcast,0.8,0.5,1.2,0.6,0.9,0.79
Algeria,nowcast,0.8,0.5,1.3,0.7,0.9,0.76
Algeria,nowcast,0.9,0.5,1.3,0.7,1,0.73
Algeria,nowcast,0.9,0.5,1.3,0.7,1,0.69
Algeria,nowcast,0.9,0.5,1.4,0.7,1,0.65
Algeria,nowcast,0.9,0.5,1.5,0.7,1,0.63
Algeria,nowcast,0.9,0.5,1.4,0.7,1.1,0.6
Algeria,nowcast,1,0.5,1.4,0.8,1.1,0.56
Algeria,nowcast,1,0.5,1.5,0.8,1.1,0.51
Algeria,nowcast,1,0.5,1.5,0.8,1.2,0.46
Algeria,nowcast,1.1,0.5,1.6,0.9,1.2,0.42
Algeria,nowcast,1.1,0.6,1.6,0.9,1.2,0.39
Algeria,nowcast,1.1,0.6,1.8,0.8,1.3,0.33
Algeria,nowcast,1.2,0.7,1.9,0.9,1.3,0.27
Algeria,nowcast,1.2,0.6,1.8,0.9,1.4,0.25
Algeria,nowcast,1.3,0.7,2,1,1.4,0.19
Algeria,nowcast,1.4,0.7,2.1,1,1.5,0.15
Argentina,nowcast,1.2,0.6,1.8,1,1.4,0.27
Argentina,nowcast,1.2,0.6,1.9,0.9,1.4,0.28
Argentina,nowcast,1.2,0.6,1.7,0.9,1.4,0.28
Argentina,nowcast,1.2,0.6,1.7,0.9,1.3,0.29
Argentina,nowcast,1.1,0.6,1.7,0.9,1.3,0.32
Argentina,nowcast,1.1,0.6,1.7,0.9,1.3,0.34
Argentina,nowcast,1.1,0.6,1.6,0.9,1.2,0.36
Argentina,nowcast,1.1,0.6,1.6,0.9,1.2,0.35
Argentina,nowcast,1.1,0.6,1.6,0.9,1.2,0.37
Argentina,nowcast,1.1,0.6,1.6,0.9,1.3,0.37
Argentina,nowcast,1.1,0.7,1.6,0.9,1.2,0.37
Argentina,nowcast,1.1,0.6,1.6,0.9,1.2,0.38
Argentina,nowcast,1.1,0.6,1.6,0.9,1.2,0.39
Argentina,nowcast,1.1,0.6,1.6,0.9,1.2,0.38
Argentina,nowcast,1.1,0.6,1.6,0.9,1.2,0.4
Argentina,nowcast,1.1,0.6,1.6,0.9,1.2,0.39
Argentina,nowcast,1.1,0.6,1.6,0.9,1.2,0.37
Argentina,nowcast,1.1,0.6,1.6,0.9,1.2,0.38
Argentina,nowcast,1.1,0.6,1.5,0.9,1.2,0.36
Argentina,nowcast,1.1,0.7,1.6,0.9,1.2,0.37
Argentina,nowcast,1.1,0.7,1.6,0.9,1.2,0.36
Argentina,nowcast,1.1,0.6,1.5,0.9,1.2,0.38
Argentina,nowcast,1.1,0.7,1.5,0.9,1.2,0.37
Argentina,nowcast,1.1,0.7,1.6,0.9,1.2,0.36
Argentina,nowcast,1.1,0.7,1.6,0.9,1.2,0.35
Argentina,nowcast,1.1,0.7,1.6,0.9,1.2,0.34
Argentina,nowcast,1.1,0.7,1.5,0.9,1.2,0.36
Argentina,nowcast,1.1,0.7,1.6,0.9,1.2,0.35
Argentina,nowcast,1.1,0.7,1.6,0.9,1.2,0.34
Argentina,nowcast,1.1,0.6,1.6,0.9,1.2,0.33
Argentina,nowcast,1.1,0.7,1.6,0.9,1.3,0.32
Argentina,nowcast,1.1,0.7,1.6,0.9,1.3,0.29
Argentina,nowcast,1.1,0.7,1.6,0.9,1.3,0.27
Argentina,nowcast,1.2,0.7,1.7,1,1.3,0.23
Argentina,nowcast,1.2,0.8,1.8,1,1.4,0.2
Austria,nowcast,1.2,0.8,1.6,1,1.3,0.2
Austria,nowcast,1.2,0.8,1.6,1,1.3,0.21
Austria,nowcast,1.1,0.8,1.5,1,1.3,0.25
Austria,nowcast,1.1,0.8,1.5,1,1.2,0.29
Austria,nowcast,1.1,0.8,1.4,1,1.2,0.32
Austria,nowcast,1.1,0.8,1.4,0.9,1.2,0.36
Austria,nowcast,1,0.7,1.3,0.9,1.2,0.41
Austria,nowcast,1,0.7,1.4,0.9,1.2,0.42
Austria,nowcast,1,0.7,1.3,0.9,1.1,0.46
Austria,nowcast,1,0.7,1.3,0.9,1.1,0.5
Austria,nowcast,1,0.7,1.3,0.9,1.1,0.51
Austria,nowcast,1,0.7,1.3,0.8,1.1,0.58
Austria,nowcast,1,0.7,1.2,0.9,1.1,0.61
Austria,nowcast,0.9,0.7,1.2,0.8,1.1,0.66
Austria,nowcast,0.9,0.6,1.2,0.8,1,0.68
Austria,nowcast,0.9,0.6,1.2,0.8,1,0.72
Austria,nowcast,0.9,0.6,1.2,0.8,1,0.74
Austria,nowcast,0.9,0.6,1.2,0.8,1,0.74
Austria,nowcast,0.9,0.6,1.2,0.8,1,0.74
Austria,nowcast,0.9,0.6,1.2,0.8,1,0.74
Austria,nowcast,0.9,0.6,1.2,0.8,1,0.77
Austria,nowcast,0.9,0.6,1.2,0.7,1,0.74
Austria,nowcast,0.9,0.6,1.2,0.7,1,0.73
Austria,nowcast,0.9,0.6,1.2,0.7,1,0.75
Austria,nowcast,0.9,0.5,1.2,0.8,1,0.75
Austria,nowcast,0.9,0.5,1.2,0.7,1,0.72
Austria,nowcast,0.9,0.6,1.2,0.7,1,0.74
Austria,nowcast,0.9,0.5,1.2,0.7,1,0.76
Austria,nowcast,0.9,0.5,1.2,0.7,1,0.74
Austria,nowcast,0.9,0.5,1.3,0.7,1,0.75
Austria,nowcast,0.8,0.5,1.3,0.7,0.9,0.76
Austria,nowcast,0.8,0.4,1.2,0.7,1,0.77
Austria,nowcast,0.8,0.4,1.2,0.7,1,0.76
Austria,nowcast,0.8,0.4,1.3,0.6,1,0.74
Austria,nowcast,0.9,0.4,1.4,0.7,1,0.69
Austria,nowcast,0.9,0.4,1.6,0.6,1,0.64
Austria,nowcast,0.9,0.4,1.8,0.6,1.1,0.55
Austria,nowcast,1,0.4,2,0.6,1.2,0.46
Austria,nowcast,1.2,0.4,2.3,0.7,1.4,0.37
Austria,nowcast,1.4,0.5,2.7,0.7,1.5,0.26
Belgium,nowcast,1.4,1.2,1.6,1.3,1.5,0
Belgium,nowcast,1.4,1.2,1.6,1.3,1.4,0
Belgium,nowcast,1.3,1.2,1.5,1.2,1.4,0
Belgium,nowcast,1.3,1.2,1.5,1.2,1.4,0
Belgium,nowcast,1.3,1.1,1.5,1.2,1.4,0
Belgium,nowcast,1.3,1.1,1.5,1.2,1.4,0
Belgium,nowcast,1.3,1.1,1.4,1.2,1.3,0
Belgium,nowcast,1.2,1.1,1.4,1.2,1.3,0.01
Belgium,nowcast,1.2,1.1,1.4,1.2,1.3,0.01
Belgium,nowcast,1.2,1,1.3,1.1,1.3,0.01
Belgium,nowcast,1.2,1,1.3,1.1,1.2,0.01
Belgium,nowcast,1.2,1,1.3,1.1,1.2,0.02
Belgium,nowcast,1.1,1,1.2,1.1,1.2,0.04
Belgium,nowcast,1.1,1,1.2,1.1,1.2,0.07
Belgium,nowcast,1.1,1,1.2,1,1.1,0.1
Belgium,nowcast,1.1,0.9,1.2,1,1.1,0.19
Belgium,nowcast,1,0.9,1.1,1,1.1,0.28
Belgium,nowcast,1,0.9,1.1,1,1.1,0.43
Belgium,nowcast,1,0.9,1.1,1,1,0.58
Belgium,nowcast,1,0.9,1.1,0.9,1,0.73
Belgium,nowcast,0.9,0.8,1,0.9,1,0.86
Belgium,nowcast,0.9,0.8,1,0.9,1,0.93
Belgium,nowcast,0.9,0.8,1,0.9,0.9,0.98
Belgium,nowcast,0.9,0.8,1,0.9,0.9,0.99
Belgium,nowcast,0.9,0.8,1,0.8,0.9,1
Belgium,nowcast,0.9,0.8,0.9,0.8,0.9,1
Belgium,nowcast,0.9,0.8,0.9,0.8,0.9,1
Belgium,nowcast,0.8,0.7,0.9,0.8,0.9,1
Belgium,nowcast,0.8,0.7,0.9,0.8,0.9,1
Belgium,nowcast,0.8,0.7,0.9,0.8,0.9,0.99
Belgium,nowcast,0.8,0.7,0.9,0.8,0.9,0.99
Belgium,nowcast,0.8,0.7,0.9,0.8,0.9,0.99
Belgium,nowcast,0.8,0.7,0.9,0.8,0.9,0.99
Belgium,nowcast,0.8,0.7,0.9,0.8,0.9,0.99
Belgium,nowcast,0.8,0.7,0.9,0.8,0.9,0.99
Belgium,nowcast,0.8,0.7,0.9,0.8,0.9,0.99
Belgium,nowcast,0.8,0.7,1,0.8,0.9,0.98
Belgium,nowcast,0.8,0.7,1,0.8,0.9,0.97
Belgium,nowcast,0.9,0.7,1,0.8,0.9,0.95
Belgium,nowcast,0.9,0.8,1,0.8,0.9,0.91
Belgium,nowcast,0.9,0.8,1,0.8,0.9,0.9
Belgium,nowcast,0.9,0.8,1,0.8,1,0.86
Belgium,nowcast,0.9,0.8,1.1,0.9,1,0.83
Belgium,nowcast,0.9,0.8,1.1,0.9,1,0.79
Belgium,forecast,0.9,0.8,1.1,0.8,1,0.76
Belgium,forecast,0.9,0.7,1.1,0.9,1,0.74
Belgium,forecast,0.9,0.7,1.1,0.8,1,0.72
Belgium,forecast,0.9,0.7,1.2,0.8,1,0.7
Belgium,forecast,0.9,0.7,1.2,0.8,1,0.69
Belgium,forecast,0.9,0.7,1.2,0.8,1,0.69
Belgium,forecast,0.9,0.7,1.2,0.8,1,0.67
Belgium,forecast,0.9,0.7,1.2,0.8,1,0.66
Belgium,forecast,0.9,0.6,1.2,0.8,1.1,0.65
Belgium,forecast,0.9,0.6,1.2,0.8,1,0.67
Belgium,forecast,0.9,0.6,1.3,0.8,1,0.65
Belgium,forecast,0.9,0.6,1.3,0.8,1.1,0.65
Belgium,forecast,0.9,0.6,1.3,0.8,1.1,0.64
Belgium,forecast,0.9,0.6,1.3,0.7,1.1,0.64
Brazil,nowcast,1.4,1.2,1.7,1.3,1.5,0
Brazil,nowcast,1.4,1.2,1.7,1.3,1.5,0
Brazil,nowcast,1.4,1.2,1.7,1.3,1.5,0
Brazil,nowcast,1.4,1.2,1.6,1.3,1.5,0
Brazil,nowcast,1.4,1.2,1.6,1.3,1.5,0
Brazil,nowcast,1.4,1.2,1.6,1.3,1.4,0
Brazil,nowcast,1.4,1.2,1.6,1.3,1.4,0
Brazil,nowcast,1.4,1.2,1.5,1.3,1.4,0
Brazil,nowcast,1.3,1.2,1.5,1.3,1.4,0
Brazil,nowcast,1.3,1.1,1.5,1.3,1.4,0
Brazil,nowcast,1.3,1.1,1.5,1.2,1.4,0
Brazil,nowcast,1.3,1.1,1.5,1.2,1.4,0
Brazil,nowcast,1.3,1.1,1.5,1.2,1.3,0
Brazil,nowcast,1.3,1.1,1.4,1.2,1.3,0
Brazil,nowcast,1.3,1.1,1.4,1.2,1.3,0
Brazil,nowcast,1.3,1.1,1.4,1.2,1.3,0
Brazil,nowcast,1.2,1.1,1.4,1.2,1.3,0
Brazil,nowcast,1.2,1.1,1.4,1.2,1.3,0
Brazil,nowcast,1.2,1.1,1.4,1.2,1.3,0
Brazil,nowcast,1.2,1.1,1.4,1.2,1.3,0
Brazil,nowcast,1.2,1.1,1.3,1.2,1.3,0
Brazil,nowcast,1.2,1.1,1.3,1.2,1.3,0
Brazil,nowcast,1.2,1.1,1.3,1.2,1.3,0
Brazil,nowcast,1.2,1.1,1.3,1.2,1.3,0
Brazil,nowcast,1.2,1.1,1.3,1.2,1.3,0
Brazil,nowcast,1.2,1.1,1.3,1.2,1.3,0
Brazil,nowcast,1.2,1.1,1.3,1.2,1.2,0
Brazil,nowcast,1.2,1.1,1.3,1.2,1.2,0
Brazil,nowcast,1.2,1.1,1.3,1.2,1.2,0
Brazil,nowcast,1.2,1.1,1.3,1.2,1.2,0
Brazil,nowcast,1.2,1.1,1.3,1.2,1.2,0
Brazil,nowcast,1.2,1.1,1.3,1.1,1.2,0
Brazil,nowcast,1.2,1.1,1.3,1.2,1.2,0
Brazil,nowcast,1.2,1.1,1.3,1.1,1.2,0
Brazil,nowcast,1.2,1.1,1.3,1.1,1.2,0
Brazil,nowcast,1.2,1.1,1.2,1.1,1.2,0
Brazil,nowcast,1.2,1.1,1.2,1.1,1.2,0
Brazil,nowcast,1.2,1.1,1.2,1.1,1.2,0
Brazil,nowcast,1.2,1.1,1.2,1.1,1.2,0
Brazil,nowcast,1.2,1.1,1.2,1.1,1.2,0
Brazil,nowcast,1.2,1.1,1.2,1.1,1.2,0
Brazil,nowcast,1.2,1.1,1.2,1.1,1.2,0
Brazil,forecast,1.2,1,1.3,1.1,1.2,0.01
Brazil,forecast,1.2,1,1.3,1.1,1.2,0.02
Brazil,forecast,1.2,1,1.3,1.1,1.2,0.03
Brazil,forecast,1.2,1,1.3,1.1,1.2,0.04
Brazil,forecast,1.2,1,1.3,1.1,1.2,0.05
Brazil,forecast,1.2,1,1.3,1.1,1.2,0.07
Brazil,forecast,1.2,1,1.3,1.1,1.2,0.08
Brazil,forecast,1.1,1,1.4,1.1,1.2,0.09
Brazil,forecast,1.1,0.9,1.3,1.1,1.2,0.1
Brazil,forecast,1.1,1,1.4,1.1,1.2,0.11
Brazil,forecast,1.1,0.9,1.4,1.1,1.2,0.12
Brazil,forecast,1.1,0.9,1.4,1,1.2,0.13
Brazil,forecast,1.1,0.9,1.4,1.1,1.2,0.13
Brazil,forecast,1.1,0.9,1.4,1.1,1.2,0.15
Cameroon,nowcast,1.1,0.5,1.8,0.8,1.3,0.36
Cameroon,nowcast,1.1,0.5,1.8,0.8,1.3,0.37
Cameroon,nowcast,1.1,0.5,1.8,0.8,1.3,0.37
Cameroon,nowcast,1.1,0.5,1.8,0.8,1.3,0.37
Cameroon,nowcast,1.1,0.5,1.8,0.8,1.3,0.38
Cameroon,nowcast,1.1,0.5,1.9,0.8,1.3,0.34
Cameroon,nowcast,1.2,0.5,1.9,0.9,1.4,0.32
Cameroon,nowcast,1.2,0.6,1.9,0.9,1.4,0.29
Cameroon,nowcast,1.2,0.6,1.9,0.9,1.4,0.26
Cameroon,nowcast,1.3,0.6,2,1,1.5,0.21
Cameroon,nowcast,1.3,0.7,2,1,1.5,0.18
Cameroon,nowcast,1.3,0.7,2.1,1,1.5,0.17
Cameroon,nowcast,1.4,0.7,2.1,1.1,1.6,0.14
Cameroon,nowcast,1.4,0.8,2.1,1.1,1.6,0.12
Cameroon,nowcast,1.4,0.8,2.1,1.1,1.6,0.12
Cameroon,nowcast,1.4,0.8,2.2,1.1,1.6,0.09
Cameroon,nowcast,1.5,0.8,2.3,1.1,1.7,0.09
Canada,nowcast,1.4,1.2,1.7,1.3,1.5,0.01
Canada,nowcast,1.4,1.1,1.7,1.3,1.5,0.01
Canada,nowcast,1.4,1.1,1.7,1.2,1.5,0
Canada,nowcast,1.4,1.1,1.6,1.3,1.5,0
Canada,nowcast,1.4,1.1,1.6,1.3,1.4,0.01
Canada,nowcast,1.4,1.1,1.6,1.3,1.4,0.01
Canada,nowcast,1.3,1.1,1.6,1.2,1.4,0.01
Canada,nowcast,1.3,1.1,1.6,1.2,1.4,0.01
Canada,nowcast,1.3,1.1,1.5,1.2,1.4,0.01
Canada,nowcast,1.3,1.1,1.5,1.2,1.4,0.01
Canada,nowcast,1.3,1.1,1.5,1.2,1.4,0.01
Canada,nowcast,1.3,1.1,1.4,1.2,1.3,0.01
Canada,nowcast,1.2,1.1,1.4,1.2,1.3,0.01
Canada,nowcast,1.2,1.1,1.4,1.2,1.3,0.01
Canada,nowcast,1.2,1.1,1.4,1.2,1.3,0.01
Canada,nowcast,1.2,1,1.3,1.1,1.3,0.02
Canada,nowcast,1.2,1,1.3,1.1,1.3,0.03
Canada,nowcast,1.2,1,1.3,1.1,1.2,0.03
Canada,nowcast,1.2,1,1.3,1.1,1.2,0.03
Canada,nowcast,1.1,1,1.3,1.1,1.2,0.04
Canada,nowcast,1.1,1,1.3,1.1,1.2,0.05
Canada,nowcast,1.1,1,1.3,1.1,1.2,0.07
Canada,nowcast,1.1,1,1.2,1.1,1.2,0.09
Canada,nowcast,1.1,1,1.2,1,1.1,0.1
Canada,nowcast,1.1,1,1.2,1,1.1,0.13
Canada,nowcast,1.1,0.9,1.2,1,1.1,0.16
Canada,nowcast,1.1,1,1.2,1,1.1,0.16
Canada,nowcast,1.1,1,1.2,1,1.1,0.17
Canada,nowcast,1.1,0.9,1.2,1,1.1,0.2
Canada,nowcast,1,0.9,1.2,1,1.1,0.2
Canada,nowcast,1,0.9,1.2,1,1.1,0.23
Canada,nowcast,1,0.9,1.1,1,1.1,0.23
Canada,nowcast,1,0.9,1.1,1,1.1,0.23
Canada,nowcast,1,0.9,1.1,1,1.1,0.27
Canada,nowcast,1,0.9,1.1,1,1.1,0.28
Canada,nowcast,1,0.9,1.1,1,1.1,0.27
Canada,nowcast,1,0.9,1.1,1,1.1,0.31
Canada,nowcast,1,0.9,1.1,1,1.1,0.34
Canada,nowcast,1,0.9,1.1,1,1.1,0.38
Canada,nowcast,1,0.9,1.1,1,1.1,0.39
Canada,nowcast,1,0.9,1.1,1,1.1,0.41
Canada,forecast,1,0.9,1.2,0.9,1.1,0.45
Canada,forecast,1,0.8,1.2,0.9,1.1,0.49
Canada,forecast,1,0.8,1.2,0.9,1.1,0.5
Canada,forecast,1,0.8,1.2,0.9,1.1,0.51
Canada,forecast,1,0.8,1.2,0.9,1.1,0.51
Canada,forecast,1,0.8,1.2,0.9,1.1,0.52
Canada,forecast,1,0.7,1.2,0.9,1.1,0.53
Canada,forecast,1,0.7,1.2,0.9,1.1,0.54
Canada,forecast,1,0.7,1.3,0.9,1.1,0.54
Canada,forecast,1,0.7,1.3,0.9,1.1,0.57
Canada,forecast,1,0.7,1.3,0.9,1.1,0.56
Canada,forecast,1,0.7,1.3,0.8,1.1,0.57
Canada,forecast,1,0.7,1.3,0.8,1.1,0.57
Canada,forecast,1,0.6,1.3,0.8,1.1,0.57
China,nowcast,1.3,1.1,1.6,1.2,1.4,0.01
China,nowcast,1.3,1.1,1.5,1.2,1.4,0.02
China,nowcast,1.3,1,1.5,1.2,1.4,0.01
China,nowcast,1.3,1,1.5,1.2,1.3,0.03
China,nowcast,1.2,1,1.4,1.1,1.3,0.02
China,nowcast,1.2,1,1.4,1.1,1.3,0.03
China,nowcast,1.2,1,1.4,1.1,1.3,0.04
China,nowcast,1.2,1,1.4,1.1,1.2,0.05
China,nowcast,1.2,1,1.3,1.1,1.2,0.07
China,nowcast,1.1,1,1.3,1.1,1.2,0.09
China,nowcast,1.1,1,1.3,1.1,1.2,0.1
China,nowcast,1.1,0.9,1.3,1,1.2,0.14
China,nowcast,1.1,0.9,1.3,1,1.1,0.18
China,nowcast,1.1,0.9,1.2,1,1.1,0.25
China,nowcast,1,0.9,1.2,1,1.1,0.33
China,nowcast,1,0.9,1.2,1,1.1,0.43
China,nowcast,1,0.8,1.1,0.9,1.1,0.54
China,nowcast,1,0.8,1.1,0.9,1,0.65
China,nowcast,0.9,0.8,1.1,0.9,1,0.77
China,nowcast,0.9,0.8,1,0.9,1,0.86
China,nowcast,0.9,0.7,1,0.8,0.9,0.93
China,nowcast,0.9,0.7,1,0.8,0.9,0.96
China,nowcast,0.8,0.7,1,0.8,0.9,0.97
China,nowcast,0.8,0.7,1,0.8,0.9,0.99
China,nowcast,0.8,0.6,0.9,0.8,0.9,0.99
China,nowcast,0.8,0.6,0.9,0.7,0.8,0.99
China,nowcast,0.8,0.6,0.9,0.7,0.8,1
China,nowcast,0.7,0.6,0.9,0.7,0.8,1
China,nowcast,0.7,0.5,0.8,0.7,0.8,1
China,nowcast,0.7,0.5,0.8,0.6,0.7,1
China,nowcast,0.7,0.5,0.8,0.6,0.7,1
China,nowcast,0.7,0.5,0.8,0.6,0.7,1
China,nowcast,0.7,0.5,0.8,0.6,0.7,0.99
China,nowcast,0.7,0.5,0.8,0.6,0.7,0.99
China,nowcast,0.7,0.5,0.9,0.6,0.7,0.98
China,nowcast,0.7,0.5,0.9,0.6,0.7,0.98
China,nowcast,0.7,0.5,0.9,0.6,0.7,0.98
China,nowcast,0.7,0.5,0.9,0.6,0.8,0.97
China,nowcast,0.7,0.5,0.9,0.6,0.8,0.96
China,nowcast,0.7,0.5,0.9,0.6,0.8,0.96
China,nowcast,0.7,0.5,1,0.6,0.8,0.95
China,nowcast,0.7,0.5,1,0.6,0.8,0.94
China,nowcast,0.7,0.5,1,0.6,0.8,0.93
China,nowcast,0.7,0.5,1,0.6,0.8,0.92
China,nowcast,0.7,0.5,1.1,0.6,0.8,0.89
China,nowcast,0.8,0.5,1.1,0.7,0.9,0.86
China,nowcast,0.8,0.5,1.2,0.6,0.9,0.83
China,nowcast,0.8,0.5,1.2,0.7,0.9,0.77
China,nowcast,0.9,0.5,1.3,0.7,1,0.72
China,nowcast,0.9,0.6,1.3,0.8,1,0.66
China,nowcast,1,0.6,1.4,0.8,1.1,0.58
China,nowcast,1,0.6,1.4,0.8,1.1,0.52
China,nowcast,1,0.7,1.5,0.8,1.1,0.44
China,nowcast,1.1,0.7,1.5,0.9,1.2,0.36
China,nowcast,1.1,0.8,1.6,0.9,1.2,0.3
China,nowcast,1.2,0.8,1.6,1,1.3,0.22
China,nowcast,1.2,0.8,1.7,1,1.3,0.16
China,nowcast,1.3,0.9,1.7,1.1,1.4,0.11
China,nowcast,1.3,1,1.8,1.1,1.4,0.07
China,nowcast,1.3,1,1.8,1.2,1.5,0.05
China,nowcast,1.4,1,1.8,1.2,1.5,0.03
China,nowcast,1.4,1.1,1.8,1.2,1.5,0.02
China,nowcast,1.4,1.1,1.8,1.3,1.5,0.01
China,nowcast,1.5,1.1,1.8,1.3,1.6,0.01
China,nowcast,1.5,1.1,1.8,1.3,1.6,0.01
China,nowcast,1.5,1.2,1.8,1.3,1.6,0
China,nowcast,1.5,1.2,1.9,1.4,1.6,0
China,nowcast,1.5,1.2,1.9,1.4,1.6,0
China,nowcast,1.5,1.2,1.9,1.4,1.6,0
China,nowcast,1.5,1.3,1.9,1.4,1.7,0
China,nowcast,1.5,1.3,1.9,1.4,1.6,0
China,nowcast,1.6,1.3,1.9,1.4,1.7,0
China,nowcast,1.6,1.2,1.9,1.4,1.7,0
China,nowcast,1.6,1.3,1.9,1.4,1.7,0
China,nowcast,1.6,1.3,2,1.5,1.8,0
China,nowcast,1.6,1.2,2,1.5,1.8,0
China,nowcast,1.6,1.2,2,1.5,1.8,0
China,nowcast,1.6,1.1,2,1.5,1.9,0
China,nowcast,1.7,1.1,2.1,1.5,2.1,0.01
China,nowcast,1.7,1,2.2,1.5,2.2,0.04
China,nowcast,1.7,0.9,2.2,1.5,2.3,0.1
China,nowcast,1.7,0.7,2.4,1.6,2.5,0.2
China,nowcast,1.8,0.5,2.6,1.5,2.7,0.31
Colombia,nowcast,1.2,0.7,1.6,1,1.3,0.24
Colombia,nowcast,1.1,0.7,1.6,1,1.3,0.27
Colombia,nowcast,1.1,0.7,1.6,1,1.3,0.29
Colombia,nowcast,1.1,0.7,1.5,0.9,1.2,0.31
Colombia,nowcast,1.1,0.7,1.5,0.9,1.2,0.33
Colombia,nowcast,1.1,0.7,1.5,0.9,1.2,0.35
Colombia,nowcast,1.1,0.7,1.5,0.9,1.2,0.35
Colombia,nowcast,1.1,0.7,1.5,0.9,1.2,0.36
Colombia,nowcast,1.1,0.7,1.5,0.9,1.2,0.35
Colombia,nowcast,1.1,0.7,1.5,0.9,1.2,0.35
Colombia,nowcast,1.1,0.7,1.5,0.9,1.2,0.36
Colombia,nowcast,1.1,0.7,1.5,0.9,1.2,0.35
Colombia,nowcast,1.1,0.7,1.5,1,1.2,0.33
Colombia,nowcast,1.1,0.7,1.5,0.9,1.2,0.33
Colombia,nowcast,1.1,0.7,1.5,0.9,1.2,0.31
Colombia,nowcast,1.1,0.8,1.5,1,1.3,0.26
Colombia,nowcast,1.1,0.7,1.5,1,1.2,0.27
Colombia,nowcast,1.1,0.8,1.5,1,1.2,0.25
Colombia,nowcast,1.1,0.8,1.5,1,1.2,0.25
Colombia,nowcast,1.1,0.8,1.5,1,1.2,0.24
Colombia,nowcast,1.1,0.8,1.5,1,1.3,0.22
Colombia,nowcast,1.1,0.8,1.5,1,1.3,0.23
Colombia,nowcast,1.2,0.8,1.5,1,1.3,0.21
Colombia,nowcast,1.2,0.8,1.5,1,1.3,0.21
Colombia,nowcast,1.2,0.8,1.5,1,1.3,0.21
Colombia,nowcast,1.2,0.8,1.5,1,1.3,0.21
Colombia,nowcast,1.2,0.8,1.6,1,1.3,0.19
Colombia,nowcast,1.2,0.8,1.6,1,1.3,0.2
Colombia,forecast,1.2,0.7,1.7,1,1.3,0.25
Colombia,forecast,1.2,0.7,1.6,1,1.3,0.26
Colombia,forecast,1.2,0.7,1.7,1,1.4,0.27
Colombia,forecast,1.2,0.6,1.7,0.9,1.3,0.28
Colombia,forecast,1.2,0.6,1.7,0.9,1.3,0.3
Colombia,forecast,1.2,0.6,1.8,0.9,1.4,0.29
Colombia,forecast,1.2,0.6,1.8,0.9,1.4,0.3
Colombia,forecast,1.2,0.6,1.8,0.9,1.4,0.31
Colombia,forecast,1.2,0.6,1.8,1,1.4,0.31
Colombia,forecast,1.2,0.5,1.9,0.9,1.4,0.33
Colombia,forecast,1.2,0.5,1.8,0.9,1.4,0.32
Colombia,forecast,1.2,0.6,1.9,0.9,1.4,0.31
Colombia,forecast,1.2,0.5,1.9,0.9,1.4,0.32
Colombia,forecast,1.2,0.4,1.9,0.9,1.4,0.33
Denmark,nowcast,1.2,0.7,1.6,1,1.3,0.25
Denmark,nowcast,1.1,0.7,1.5,1,1.3,0.24
Denmark,nowcast,1.1,0.7,1.5,0.9,1.2,0.29
Denmark,nowcast,1.1,0.7,1.4,0.9,1.2,0.32
Denmark,nowcast,1.1,0.7,1.4,0.9,1.2,0.36
Denmark,nowcast,1.1,0.7,1.4,0.9,1.2,0.39
Denmark,nowcast,1,0.7,1.4,0.9,1.2,0.43
Denmark,nowcast,1,0.6,1.4,0.9,1.2,0.48
Denmark,nowcast,1,0.6,1.3,0.8,1.1,0.52
Denmark,nowcast,1,0.6,1.3,0.8,1.1,0.56
Denmark,nowcast,1,0.7,1.3,0.8,1.1,0.58
Denmark,nowcast,0.9,0.6,1.3,0.8,1,0.62
Denmark,nowcast,0.9,0.6,1.3,0.8,1.1,0.64
Denmark,nowcast,0.9,0.6,1.2,0.8,1,0.65
Denmark,nowcast,0.9,0.6,1.3,0.8,1.1,0.65
Denmark,nowcast,0.9,0.6,1.2,0.8,1,0.67
Denmark,nowcast,0.9,0.6,1.2,0.8,1,0.66
Denmark,nowcast,0.9,0.6,1.3,0.8,1,0.67
Denmark,nowcast,0.9,0.6,1.3,0.8,1,0.65
Denmark,nowcast,0.9,0.6,1.3,0.8,1.1,0.65
Denmark,nowcast,0.9,0.6,1.3,0.8,1.1,0.64
Denmark,nowcast,0.9,0.6,1.3,0.8,1,0.65
Denmark,nowcast,0.9,0.6,1.3,0.8,1.1,0.65
Denmark,nowcast,0.9,0.6,1.3,0.8,1.1,0.63
Denmark,nowcast,0.9,0.6,1.3,0.8,1.1,0.61
Denmark,nowcast,0.9,0.6,1.3,0.8,1.1,0.62
Denmark,nowcast,1,0.6,1.4,0.8,1.1,0.56
Denmark,nowcast,1,0.6,1.4,0.8,1.1,0.57
Denmark,nowcast,1,0.6,1.4,0.8,1.1,0.55
Denmark,nowcast,1,0.6,1.4,0.8,1.1,0.51
Denmark,nowcast,1,0.6,1.4,0.8,1.1,0.51
Denmark,nowcast,1,0.6,1.5,0.8,1.1,0.48
Denmark,nowcast,1,0.6,1.5,0.8,1.2,0.45
Denmark,nowcast,1,0.6,1.6,0.8,1.2,0.42
Denmark,nowcast,1.1,0.6,1.6,0.8,1.2,0.41
Denmark,nowcast,1.1,0.6,1.6,0.9,1.2,0.39
Denmark,nowcast,1.1,0.6,1.7,0.8,1.2,0.37
Denmark,nowcast,1.1,0.6,1.9,0.8,1.3,0.34
Denmark,nowcast,1.2,0.6,2,0.9,1.4,0.29
Dominican Republic,nowcast,1.1,0.7,1.6,1,1.3,0.3
Dominican Republic,nowcast,1.1,0.7,1.6,0.9,1.3,0.32
Dominican Republic,nowcast,1.1,0.7,1.6,0.9,1.2,0.31
Dominican Republic,nowcast,1.1,0.7,1.5,0.9,1.2,0.34
Dominican Republic,nowcast,1.1,0.7,1.5,0.9,1.2,0.34
Dominican Republic,nowcast,1.1,0.7,1.5,0.9,1.2,0.38
Dominican Republic,nowcast,1.1,0.6,1.5,0.9,1.2,0.4
Dominican Republic,nowcast,1.1,0.6,1.5,0.9,1.2,0.4
Dominican Republic,nowcast,1,0.6,1.4,0.9,1.2,0.44
Dominican Republic,nowcast,1,0.6,1.4,0.9,1.2,0.48
Dominican Republic,nowcast,1,0.6,1.4,0.9,1.1,0.5
Dominican Republic,nowcast,1,0.6,1.4,0.9,1.2,0.52
Dominican Republic,nowcast,1,0.6,1.4,0.8,1.1,0.55
Dominican Republic,nowcast,1,0.6,1.3,0.8,1.1,0.57
Dominican Republic,nowcast,0.9,0.6,1.3,0.8,1.1,0.59
Dominican Republic,nowcast,1,0.6,1.4,0.8,1.1,0.58
Dominican Republic,nowcast,1,0.6,1.4,0.8,1.1,0.58
Dominican Republic,nowcast,1,0.6,1.4,0.8,1.1,0.57
Dominican Republic,nowcast,1,0.5,1.4,0.8,1.1,0.54
Dominican Republic,nowcast,1,0.6,1.4,0.8,1.1,0.55
Dominican Republic,nowcast,1,0.6,1.4,0.8,1.1,0.56
Dominican Republic,nowcast,1,0.6,1.4,0.8,1.1,0.53
Dominican Republic,nowcast,1,0.6,1.4,0.8,1.1,0.53
Dominican Republic,nowcast,1,0.6,1.4,0.8,1.1,0.49
Dominican Republic,nowcast,1,0.6,1.5,0.9,1.2,0.45
Dominican Republic,nowcast,1,0.6,1.5,0.8,1.2,0.43
Dominican Republic,nowcast,1.1,0.7,1.6,0.9,1.2,0.39
Dominican Republic,nowcast,1.1,0.7,1.6,0.9,1.2,0.35
Dominican Republic,nowcast,1.1,0.7,1.6,0.9,1.2,0.33
Dominican Republic,nowcast,1.1,0.7,1.6,0.9,1.3,0.31
Dominican Republic,nowcast,1.1,0.7,1.6,0.9,1.3,0.29
Dominican Republic,nowcast,1.1,0.7,1.6,0.9,1.3,0.28
Dominican Republic,nowcast,1.1,0.7,1.7,0.9,1.3,0.29
Dominican Republic,nowcast,1.2,0.7,1.7,0.9,1.3,0.27
Dominican Republic,nowcast,1.2,0.7,1.8,0.9,1.3,0.25
Ecuador,nowcast,1.3,1,1.7,1.1,1.4,0.07
Ecuador,nowcast,1.3,0.9,1.6,1.2,1.4,0.08
Ecuador,nowcast,1.3,0.9,1.6,1.1,1.4,0.09
Ecuador,nowcast,1.2,0.9,1.6,1.1,1.3,0.11
Ecuador,nowcast,1.2,0.9,1.6,1.1,1.3,0.11
Ecuador,nowcast,1.2,0.9,1.5,1.1,1.3,0.11
Ecuador,nowcast,1.2,0.9,1.5,1.1,1.3,0.11
Ecuador,nowcast,1.2,0.9,1.5,1.1,1.3,0.12
Ecuador,nowcast,1.2,0.9,1.5,1.1,1.3,0.13
Ecuador,nowcast,1.2,0.9,1.5,1.1,1.3,0.13
Ecuador,nowcast,1.2,0.9,1.5,1,1.2,0.12
Ecuador,nowcast,1.2,0.9,1.4,1.1,1.3,0.11
Ecuador,nowcast,1.2,0.9,1.4,1.1,1.3,0.11
Ecuador,nowcast,1.2,0.9,1.5,1.1,1.3,0.11
Ecuador,nowcast,1.2,0.9,1.4,1.1,1.3,0.1
Ecuador,nowcast,1.2,0.9,1.4,1.1,1.3,0.08
Ecuador,nowcast,1.2,1,1.5,1.1,1.3,0.06
Ecuador,nowcast,1.2,1,1.5,1.1,1.3,0.06
Ecuador,nowcast,1.2,1,1.5,1.1,1.3,0.04
Ecuador,nowcast,1.2,1,1.5,1.1,1.3,0.03
Ecuador,nowcast,1.3,1,1.5,1.2,1.3,0.03
Ecuador,nowcast,1.3,1,1.5,1.2,1.3,0.02
Ecuador,nowcast,1.3,1.1,1.5,1.2,1.3,0.02
Ecuador,nowcast,1.3,1.1,1.5,1.2,1.3,0.01
Ecuador,nowcast,1.3,1.1,1.5,1.2,1.3,0.01
Ecuador,nowcast,1.3,1.1,1.5,1.2,1.3,0.01
Ecuador,nowcast,1.3,1.1,1.5,1.2,1.4,0.01
Ecuador,nowcast,1.3,1.1,1.5,1.2,1.3,0.01
Ecuador,nowcast,1.3,1.1,1.5,1.2,1.3,0.01
Ecuador,nowcast,1.3,1.1,1.4,1.2,1.3,0.01
Ecuador,nowcast,1.2,1.1,1.4,1.2,1.3,0.02
Ecuador,nowcast,1.2,1,1.4,1.1,1.3,0.02
Ecuador,nowcast,1.2,1,1.4,1.1,1.3,0.03
Ecuador,nowcast,1.2,1,1.3,1.1,1.2,0.04
Ecuador,nowcast,1.1,1,1.3,1.1,1.2,0.09
Ecuador,nowcast,1.1,0.9,1.3,1,1.2,0.13
Ecuador,nowcast,1.1,0.9,1.2,1,1.2,0.17
Ecuador,nowcast,1.1,0.9,1.2,1,1.1,0.21
Ecuador,nowcast,1.1,0.9,1.2,1,1.1,0.23
Ecuador,nowcast,1.1,0.9,1.2,1,1.1,0.21
Ecuador,forecast,1.1,0.8,1.3,1,1.2,0.26
Ecuador,forecast,1.1,0.8,1.3,1,1.2,0.27
Ecuador,forecast,1.1,0.8,1.4,1,1.2,0.28
Ecuador,forecast,1.1,0.8,1.4,1,1.3,0.29
Ecuador,forecast,1.1,0.8,1.4,1,1.2,0.3
Ecuador,forecast,1.1,0.8,1.4,1,1.3,0.3
Ecuador,forecast,1.1,0.8,1.5,1,1.3,0.3
Ecuador,forecast,1.1,0.7,1.5,1,1.3,0.32
Ecuador,forecast,1.1,0.7,1.5,1,1.3,0.31
Ecuador,forecast,1.1,0.7,1.5,0.9,1.3,0.33
Ecuador,forecast,1.1,0.7,1.5,1,1.3,0.34
Ecuador,forecast,1.1,0.7,1.5,1,1.3,0.33
Ecuador,forecast,1.1,0.6,1.5,0.9,1.3,0.34
Ecuador,forecast,1.1,0.6,1.5,1,1.3,0.34
Egypt,nowcast,1.3,0.8,1.8,1,1.4,0.19
Egypt,nowcast,1.2,0.8,1.8,1,1.4,0.18
Egypt,nowcast,1.2,0.7,1.7,1,1.4,0.19
Egypt,nowcast,1.2,0.7,1.7,1,1.4,0.2
Egypt,nowcast,1.2,0.7,1.7,1,1.4,0.21
Egypt,nowcast,1.2,0.8,1.7,1,1.4,0.2
Egypt,nowcast,1.2,0.8,1.6,1,1.4,0.2
Egypt,nowcast,1.2,0.7,1.6,1,1.3,0.23
Egypt,nowcast,1.2,0.7,1.6,1,1.3,0.23
Egypt,nowcast,1.1,0.7,1.6,0.9,1.3,0.27
Egypt,nowcast,1.1,0.7,1.5,1,1.3,0.29
Egypt,nowcast,1.1,0.7,1.5,0.9,1.2,0.31
Egypt,nowcast,1.1,0.7,1.5,0.9,1.2,0.34
Egypt,nowcast,1.1,0.7,1.5,0.9,1.2,0.37
Egypt,nowcast,1.1,0.7,1.4,0.9,1.2,0.38
Egypt,nowcast,1.1,0.7,1.4,0.9,1.2,0.37
Egypt,nowcast,1.1,0.7,1.4,0.9,1.2,0.39
Egypt,nowcast,1.1,0.7,1.4,0.9,1.2,0.39
Egypt,nowcast,1.1,0.7,1.4,0.9,1.2,0.38
Egypt,nowcast,1.1,0.7,1.4,0.9,1.2,0.38
Egypt,nowcast,1,0.7,1.4,0.9,1.2,0.4
Egypt,nowcast,1,0.7,1.4,0.9,1.2,0.4
Egypt,nowcast,1,0.7,1.4,0.9,1.2,0.39
Egypt,nowcast,1.1,0.7,1.4,0.9,1.2,0.39
Egypt,nowcast,1.1,0.7,1.4,0.9,1.2,0.38
Egypt,nowcast,1.1,0.7,1.4,0.9,1.2,0.38
Egypt,nowcast,1.1,0.7,1.4,0.9,1.2,0.36
Egypt,nowcast,1.1,0.7,1.4,0.9,1.2,0.37
Egypt,nowcast,1.1,0.7,1.4,0.9,1.2,0.36
Egypt,nowcast,1.1,0.8,1.4,0.9,1.2,0.38
Egypt,nowcast,1,0.7,1.4,0.9,1.2,0.4
Egypt,nowcast,1,0.7,1.4,0.9,1.2,0.41
Egypt,nowcast,1,0.7,1.4,0.9,1.2,0.41
Egypt,nowcast,1,0.7,1.4,0.9,1.2,0.4
Egypt,nowcast,1.1,0.7,1.5,0.9,1.2,0.39
Egypt,nowcast,1.1,0.7,1.5,0.9,1.2,0.36
Egypt,nowcast,1.1,0.7,1.5,0.9,1.2,0.33
Egypt,nowcast,1.1,0.7,1.6,0.9,1.2,0.29
Egypt,forecast,1.1,0.6,1.6,0.9,1.3,0.34
Egypt,forecast,1.1,0.6,1.6,0.9,1.3,0.34
Egypt,forecast,1.1,0.6,1.7,0.9,1.3,0.34
Egypt,forecast,1.1,0.6,1.7,0.9,1.3,0.36
Egypt,forecast,1.1,0.6,1.7,0.9,1.3,0.36
Egypt,forecast,1.1,0.5,1.7,0.9,1.3,0.36
Egypt,forecast,1.1,0.5,1.7,0.9,1.3,0.37
Egypt,forecast,1.1,0.5,1.8,0.8,1.3,0.38
Egypt,forecast,1.1,0.4,1.8,0.9,1.4,0.39
Egypt,forecast,1.1,0.4,1.8,0.8,1.3,0.39
Egypt,forecast,1.1,0.4,1.8,0.8,1.4,0.38
Egypt,forecast,1.1,0.4,1.9,0.8,1.4,0.38
Egypt,forecast,1.1,0.4,1.9,0.8,1.4,0.39
Egypt,forecast,1.1,0.3,1.9,0.8,1.4,0.39
Finland,nowcast,1.2,0.7,1.8,1,1.4,0.23
Finland,nowcast,1.2,0.7,1.7,1,1.4,0.24
Finland,nowcast,1.2,0.7,1.7,1,1.4,0.25
Finland,nowcast,1.2,0.7,1.7,1,1.4,0.24
Finland,nowcast,1.2,0.7,1.7,1,1.3,0.26
Finland,nowcast,1.2,0.7,1.7,1,1.3,0.26
Finland,nowcast,1.2,0.7,1.6,1,1.3,0.27
Finland,nowcast,1.1,0.7,1.6,1,1.3,0.29
Finland,nowcast,1.1,0.7,1.6,1,1.3,0.31
Finland,nowcast,1.1,0.7,1.5,0.9,1.2,0.36
Finland,nowcast,1.1,0.7,1.5,0.9,1.2,0.4
Finland,nowcast,1,0.7,1.5,0.9,1.2,0.44
Finland,nowcast,1,0.6,1.4,0.8,1.1,0.5
Finland,nowcast,1,0.6,1.4,0.8,1.1,0.53
Finland,nowcast,0.9,0.5,1.3,0.8,1.1,0.61
Finland,nowcast,0.9,0.5,1.3,0.8,1.1,0.63
Finland,nowcast,0.9,0.5,1.3,0.8,1.1,0.66
Finland,nowcast,0.9,0.5,1.3,0.7,1,0.66
Finland,nowcast,0.9,0.5,1.4,0.7,1,0.64
Finland,nowcast,0.9,0.5,1.4,0.7,1.1,0.61
Finland,nowcast,1,0.5,1.5,0.7,1.1,0.55
Finland,nowcast,1,0.5,1.6,0.8,1.2,0.49
Finland,nowcast,1,0.5,1.6,0.8,1.2,0.45
Finland,nowcast,1.1,0.6,1.7,0.8,1.2,0.39
Finland,nowcast,1.1,0.6,1.8,0.8,1.3,0.33
Finland,nowcast,1.2,0.6,1.9,0.9,1.4,0.26
Finland,nowcast,1.3,0.6,2.2,0.9,1.4,0.22
France,nowcast,1.5,1.3,1.7,1.4,1.5,0
France,nowcast,1.5,1.3,1.7,1.4,1.5,0
France,nowcast,1.5,1.3,1.7,1.4,1.5,0
France,nowcast,1.4,1.2,1.6,1.3,1.5,0
France,nowcast,1.4,1.2,1.6,1.3,1.5,0
France,nowcast,1.4,1.2,1.6,1.4,1.5,0
France,nowcast,1.4,1.2,1.6,1.3,1.5,0
France,nowcast,1.4,1.2,1.6,1.3,1.4,0
France,nowcast,1.4,1.2,1.5,1.3,1.4,0
France,nowcast,1.3,1.2,1.5,1.3,1.4,0
France,nowcast,1.3,1.2,1.5,1.3,1.4,0
France,nowcast,1.3,1.2,1.4,1.2,1.3,0
France,nowcast,1.3,1.1,1.4,1.2,1.3,0
France,nowcast,1.3,1.1,1.4,1.2,1.3,0
France,nowcast,1.2,1.1,1.4,1.2,1.3,0
France,nowcast,1.2,1.1,1.3,1.2,1.3,0
France,nowcast,1.2,1.1,1.3,1.2,1.2,0
France,nowcast,1.2,1.1,1.3,1.1,1.2,0
France,nowcast,1.2,1.1,1.3,1.1,1.2,0
France,nowcast,1.1,1,1.2,1.1,1.2,0.01
France,nowcast,1.1,1,1.2,1.1,1.1,0.03
France,nowcast,1.1,1,1.2,1,1.1,0.08
France,nowcast,1,1,1.1,1,1.1,0.2
France,nowcast,1,0.9,1.1,1,1,0.43
France,nowcast,1,0.9,1,0.9,1,0.7
France,nowcast,0.9,0.9,1,0.9,1,0.89
France,nowcast,0.9,0.9,1,0.9,1,0.96
France,nowcast,0.9,0.8,1,0.9,0.9,0.99
France,nowcast,0.9,0.8,1,0.9,0.9,1
France,nowcast,0.9,0.8,0.9,0.9,0.9,1
France,nowcast,0.9,0.8,0.9,0.9,0.9,1
France,nowcast,0.9,0.8,0.9,0.8,0.9,1
France,nowcast,0.9,0.8,0.9,0.8,0.9,1
France,nowcast,0.8,0.8,0.9,0.8,0.9,1
France,nowcast,0.8,0.8,0.9,0.8,0.9,1
France,nowcast,0.8,0.8,0.9,0.8,0.9,1
France,nowcast,0.8,0.7,0.9,0.8,0.8,1
France,nowcast,0.8,0.7,0.9,0.8,0.8,1
France,nowcast,0.8,0.7,0.9,0.8,0.8,1
France,nowcast,0.8,0.7,0.9,0.8,0.8,1
France,nowcast,0.8,0.7,0.9,0.8,0.8,1
France,nowcast,0.8,0.7,0.9,0.8,0.8,1
France,nowcast,0.8,0.7,0.9,0.8,0.8,1
France,nowcast,0.8,0.7,0.9,0.8,0.8,1
France,nowcast,0.8,0.7,0.9,0.8,0.8,1
France,nowcast,0.8,0.7,0.9,0.8,0.9,1
France,nowcast,0.8,0.8,0.9,0.8,0.9,1
France,nowcast,0.8,0.8,0.9,0.8,0.9,0.99
France,nowcast,0.9,0.8,0.9,0.8,0.9,0.99
France,nowcast,0.9,0.8,1,0.8,0.9,0.98
France,nowcast,0.9,0.8,1,0.8,0.9,0.97
France,nowcast,0.9,0.8,1,0.9,0.9,0.93
France,nowcast,0.9,0.8,1,0.9,0.9,0.88
France,nowcast,0.9,0.8,1.1,0.9,1,0.79
France,forecast,0.9,0.8,1.1,0.9,1,0.76
France,forecast,1,0.8,1.1,0.9,1,0.7
France,forecast,1,0.8,1.1,0.9,1,0.67
France,forecast,1,0.8,1.1,0.9,1,0.65
France,forecast,1,0.8,1.2,0.9,1,0.61
France,forecast,1,0.7,1.2,0.9,1,0.6
France,forecast,1,0.7,1.2,0.9,1,0.58
France,forecast,1,0.7,1.2,0.8,1,0.57
France,forecast,1,0.7,1.3,0.8,1.1,0.54
France,forecast,1,0.7,1.3,0.8,1.1,0.54
France,forecast,1,0.7,1.3,0.9,1.1,0.52
France,forecast,1,0.7,1.3,0.8,1.1,0.51
France,forecast,1,0.7,1.4,0.8,1.1,0.5
France,forecast,1,0.6,1.4,0.8,1.1,0.51
Germany,nowcast,1.3,1.1,1.5,1.2,1.4,0
Germany,nowcast,1.3,1.1,1.5,1.2,1.4,0
Germany,nowcast,1.3,1.1,1.5,1.2,1.3,0
Germany,nowcast,1.3,1.1,1.4,1.2,1.3,0
Germany,nowcast,1.2,1.1,1.4,1.2,1.3,0.01
Germany,nowcast,1.2,1.1,1.4,1.2,1.3,0.01
Germany,nowcast,1.2,1.1,1.4,1.1,1.3,0.01
Germany,nowcast,1.2,1,1.3,1.1,1.2,0.02
Germany,nowcast,1.2,1,1.3,1.1,1.2,0.02
Germany,nowcast,1.1,1,1.3,1.1,1.2,0.04
Germany,nowcast,1.1,1,1.3,1.1,1.2,0.05
Germany,nowcast,1.1,1,1.2,1,1.1,0.07
Germany,nowcast,1.1,1,1.2,1.1,1.1,0.09
Germany,nowcast,1.1,1,1.2,1,1.1,0.13
Germany,nowcast,1.1,1,1.2,1,1.1,0.17
Germany,nowcast,1,0.9,1.2,1,1.1,0.24
Germany,nowcast,1,0.9,1.1,1,1.1,0.3
Germany,nowcast,1,0.9,1.1,1,1.1,0.38
Germany,nowcast,1,0.9,1.1,1,1,0.47
Germany,nowcast,1,0.9,1.1,1,1,0.54
Germany,nowcast,1,0.9,1.1,1,1,0.61
Germany,nowcast,1,0.9,1.1,0.9,1,0.69
Germany,nowcast,1,0.9,1,0.9,1,0.78
Germany,nowcast,0.9,0.9,1,0.9,1,0.85
Germany,nowcast,0.9,0.8,1,0.9,1,0.91
Germany,nowcast,0.9,0.8,1,0.9,1,0.95
Germany,nowcast,0.9,0.8,1,0.9,0.9,0.96
Germany,nowcast,0.9,0.8,1,0.9,0.9,0.97
Germany,nowcast,0.9,0.8,1,0.9,0.9,0.97
Germany,nowcast,0.9,0.8,1,0.8,0.9,0.97
Germany,nowcast,0.9,0.8,1,0.9,0.9,0.98
Germany,nowcast,0.9,0.8,1,0.8,0.9,0.98
Germany,nowcast,0.9,0.8,1,0.8,0.9,0.98
Germany,nowcast,0.9,0.8,1,0.8,0.9,0.97
Germany,nowcast,0.9,0.8,1,0.8,0.9,0.96
Germany,nowcast,0.9,0.8,1,0.8,0.9,0.96
Germany,nowcast,0.9,0.8,1,0.8,0.9,0.95
Germany,nowcast,0.9,0.8,1,0.8,0.9,0.94
Germany,nowcast,0.9,0.8,1,0.9,0.9,0.92
Germany,nowcast,0.9,0.8,1,0.8,0.9,0.89
Germany,nowcast,0.9,0.8,1,0.9,0.9,0.9
Germany,nowcast,0.9,0.8,1,0.9,1,0.86
Germany,nowcast,0.9,0.8,1.1,0.9,1,0.82
Germany,forecast,0.9,0.8,1.1,0.8,1,0.81
Germany,forecast,0.9,0.7,1.1,0.8,1,0.81
Germany,forecast,0.9,0.7,1.1,0.8,1,0.79
Germany,forecast,0.9,0.7,1.1,0.8,1,0.78
Germany,forecast,0.9,0.7,1.1,0.8,1,0.77
Germany,forecast,0.9,0.7,1.1,0.8,1,0.77
Germany,forecast,0.9,0.7,1.1,0.8,1,0.76
Germany,forecast,0.9,0.7,1.2,0.8,1,0.76
Germany,forecast,0.9,0.6,1.2,0.8,1,0.76
Germany,forecast,0.9,0.6,1.2,0.7,1,0.75
Germany,forecast,0.9,0.6,1.2,0.8,1,0.76
Germany,forecast,0.9,0.6,1.2,0.7,1,0.76
Germany,forecast,0.9,0.6,1.2,0.8,1,0.75
Germany,forecast,0.9,0.6,1.2,0.7,1,0.74
Hungary,nowcast,1.2,0.7,1.6,1,1.3,0.24
Hungary,nowcast,1.2,0.7,1.6,1,1.3,0.23
Hungary,nowcast,1.1,0.8,1.6,1,1.3,0.27
Hungary,nowcast,1.1,0.7,1.5,1,1.3,0.29
Hungary,nowcast,1.1,0.7,1.5,1,1.2,0.3
Hungary,nowcast,1.1,0.7,1.5,0.9,1.2,0.34
Hungary,nowcast,1.1,0.7,1.4,0.9,1.2,0.38
Hungary,nowcast,1.1,0.7,1.4,0.9,1.2,0.39
Hungary,nowcast,1,0.7,1.4,0.9,1.2,0.43
Hungary,nowcast,1,0.7,1.4,0.9,1.1,0.46
Hungary,nowcast,1,0.7,1.4,0.9,1.1,0.48
Hungary,nowcast,1,0.6,1.4,0.9,1.1,0.5
Hungary,nowcast,1,0.6,1.3,0.9,1.1,0.51
Hungary,nowcast,1,0.6,1.4,0.8,1.1,0.54
Hungary,nowcast,1,0.6,1.4,0.9,1.1,0.53
Hungary,nowcast,1,0.6,1.3,0.8,1.1,0.55
Hungary,nowcast,1,0.6,1.3,0.8,1.1,0.54
Hungary,nowcast,1,0.6,1.4,0.8,1.1,0.55
Hungary,nowcast,1,0.6,1.4,0.8,1.1,0.52
Hungary,nowcast,1,0.6,1.4,0.8,1.1,0.52
Hungary,nowcast,1,0.6,1.4,0.8,1.1,0.51
Hungary,nowcast,1,0.6,1.4,0.8,1.1,0.48
Hungary,nowcast,1,0.6,1.4,0.8,1.1,0.48
Hungary,nowcast,1,0.6,1.5,0.8,1.1,0.46
Hungary,nowcast,1,0.6,1.5,0.9,1.2,0.43
Hungary,nowcast,1.1,0.7,1.6,0.9,1.2,0.37
Hungary,nowcast,1.1,0.7,1.6,0.9,1.2,0.33
Hungary,nowcast,1.1,0.7,1.7,0.9,1.3,0.3
Hungary,nowcast,1.2,0.6,1.8,0.9,1.3,0.27
India,nowcast,1.3,1,1.7,1.2,1.4,0.04
India,nowcast,1.3,1,1.6,1.2,1.4,0.04
India,nowcast,1.3,1,1.6,1.2,1.4,0.04
India,nowcast,1.3,1,1.6,1.2,1.4,0.05
India,nowcast,1.3,1,1.5,1.1,1.3,0.05
India,nowcast,1.2,1,1.5,1.1,1.3,0.05
India,nowcast,1.2,1,1.5,1.1,1.3,0.06
India,nowcast,1.2,1,1.5,1.1,1.3,0.06
India,nowcast,1.2,1,1.4,1.1,1.3,0.07
India,nowcast,1.2,1,1.4,1.1,1.3,0.07
India,nowcast,1.2,1,1.4,1.1,1.3,0.07
India,nowcast,1.2,1,1.4,1.1,1.2,0.06
India,nowcast,1.2,1,1.4,1.1,1.2,0.06
India,nowcast,1.2,1,1.4,1.1,1.2,0.05
India,nowcast,1.2,1,1.4,1.1,1.2,0.05
India,nowcast,1.2,1,1.4,1.1,1.2,0.05
India,nowcast,1.2,1,1.4,1.1,1.2,0.04
India,nowcast,1.2,1,1.4,1.1,1.2,0.04
India,nowcast,1.2,1,1.4,1.1,1.2,0.04
India,nowcast,1.2,1,1.4,1.1,1.2,0.03
India,nowcast,1.2,1,1.4,1.1,1.2,0.04
India,nowcast,1.2,1,1.4,1.1,1.2,0.03
India,nowcast,1.2,1,1.4,1.1,1.2,0.04
India,nowcast,1.2,1,1.3,1.1,1.2,0.04
India,nowcast,1.2,1,1.3,1.1,1.2,0.04
India,nowcast,1.2,1,1.3,1.1,1.2,0.04
India,nowcast,1.2,1,1.3,1.1,1.2,0.04
India,nowcast,1.2,1,1.3,1.1,1.2,0.05
India,nowcast,1.1,1,1.3,1.1,1.2,0.06
India,nowcast,1.1,1,1.3,1.1,1.2,0.06
India,nowcast,1.1,1,1.3,1.1,1.2,0.07
India,nowcast,1.1,1,1.3,1.1,1.2,0.08
India,nowcast,1.1,1,1.2,1.1,1.2,0.1
India,nowcast,1.1,0.9,1.2,1,1.2,0.13
India,forecast,1.1,0.9,1.3,1,1.2,0.17
India,forecast,1.1,0.9,1.3,1,1.2,0.2
India,forecast,1.1,0.9,1.4,1,1.2,0.22
India,forecast,1.1,0.9,1.4,1,1.2,0.22
India,forecast,1.1,0.8,1.4,1,1.2,0.23
India,forecast,1.1,0.8,1.4,1,1.2,0.25
India,forecast,1.1,0.8,1.4,1,1.2,0.26
India,forecast,1.1,0.8,1.4,1,1.2,0.27
India,forecast,1.1,0.8,1.4,1,1.2,0.28
India,forecast,1.1,0.8,1.5,1,1.3,0.28
India,forecast,1.1,0.8,1.5,1,1.2,0.28
India,forecast,1.1,0.8,1.5,1,1.2,0.3
India,forecast,1.1,0.7,1.5,1,1.2,0.31
India,forecast,1.1,0.8,1.5,1,1.2,0.3
Indonesia,nowcast,1.2,0.8,1.6,1.1,1.4,0.15
Indonesia,nowcast,1.2,0.8,1.6,1.1,1.3,0.14
Indonesia,nowcast,1.2,0.8,1.6,1.1,1.4,0.16
Indonesia,nowcast,1.2,0.9,1.6,1.1,1.3,0.14
Indonesia,nowcast,1.2,0.9,1.6,1.1,1.3,0.15
Indonesia,nowcast,1.2,0.8,1.5,1,1.3,0.17
Indonesia,nowcast,1.2,0.8,1.5,1,1.3,0.16
Indonesia,nowcast,1.2,0.8,1.5,1.1,1.3,0.18
Indonesia,nowcast,1.2,0.8,1.5,1,1.3,0.19
Indonesia,nowcast,1.1,0.8,1.5,1,1.2,0.19
Indonesia,nowcast,1.1,0.9,1.5,1,1.2,0.18
Indonesia,nowcast,1.1,0.8,1.4,1,1.2,0.2
Indonesia,nowcast,1.1,0.8,1.4,1,1.2,0.2
Indonesia,nowcast,1.1,0.9,1.4,1,1.2,0.19
Indonesia,nowcast,1.1,0.8,1.4,1,1.2,0.21
Indonesia,nowcast,1.1,0.9,1.4,1,1.2,0.23
Indonesia,nowcast,1.1,0.8,1.4,1,1.2,0.25
Indonesia,nowcast,1.1,0.8,1.3,1,1.2,0.31
Indonesia,nowcast,1,0.8,1.3,0.9,1.1,0.38
Indonesia,nowcast,1,0.8,1.3,0.9,1.1,0.44
Indonesia,nowcast,1,0.7,1.3,0.9,1.1,0.51
Indonesia,nowcast,1,0.7,1.2,0.9,1.1,0.56
Indonesia,nowcast,1,0.7,1.2,0.9,1.1,0.62
Indonesia,nowcast,0.9,0.7,1.2,0.8,1,0.66
Indonesia,nowcast,0.9,0.7,1.2,0.8,1,0.7
Indonesia,nowcast,0.9,0.7,1.2,0.8,1,0.68
Indonesia,nowcast,0.9,0.7,1.2,0.8,1,0.68
Indonesia,nowcast,0.9,0.7,1.2,0.8,1,0.69
Indonesia,nowcast,0.9,0.7,1.2,0.8,1,0.67
Indonesia,nowcast,0.9,0.7,1.2,0.8,1,0.68
Indonesia,nowcast,0.9,0.7,1.2,0.8,1,0.66
Indonesia,nowcast,0.9,0.7,1.2,0.8,1,0.66
Indonesia,nowcast,0.9,0.7,1.2,0.8,1,0.65
Indonesia,nowcast,1,0.7,1.3,0.8,1,0.63
Indonesia,nowcast,1,0.7,1.3,0.8,1,0.61
Indonesia,nowcast,1,0.7,1.3,0.9,1.1,0.58
Indonesia,nowcast,1,0.7,1.3,0.9,1.1,0.56
Indonesia,nowcast,1,0.7,1.3,0.9,1.1,0.49
Indonesia,nowcast,1,0.8,1.4,0.9,1.1,0.42
Indonesia,nowcast,1.1,0.7,1.4,0.9,1.2,0.35
Indonesia,nowcast,1.1,0.8,1.4,0.9,1.2,0.33
Indonesia,nowcast,1.1,0.8,1.5,0.9,1.2,0.27
Indonesia,nowcast,1.1,0.8,1.6,1,1.3,0.23
Indonesia,forecast,1.1,0.7,1.6,0.9,1.3,0.28
Indonesia,forecast,1.1,0.7,1.6,0.9,1.2,0.31
Indonesia,forecast,1.1,0.6,1.6,0.9,1.3,0.32
Indonesia,forecast,1.1,0.6,1.6,0.9,1.3,0.33
Indonesia,forecast,1.1,0.6,1.6,0.9,1.3,0.35
Indonesia,forecast,1.1,0.6,1.7,0.9,1.3,0.35
Indonesia,forecast,1.1,0.6,1.7,0.8,1.3,0.36
Indonesia,forecast,1.1,0.5,1.7,0.9,1.3,0.36
Indonesia,forecast,1.1,0.5,1.7,0.9,1.4,0.36
Indonesia,forecast,1.1,0.5,1.7,0.9,1.3,0.37
Indonesia,forecast,1.1,0.5,1.8,0.8,1.3,0.37
Indonesia,forecast,1.1,0.5,1.8,0.8,1.3,0.37
Indonesia,forecast,1.1,0.4,1.8,0.8,1.3,0.38
Indonesia,forecast,1.1,0.4,1.9,0.8,1.4,0.38
Iran,nowcast,1.4,1.1,1.6,1.3,1.5,0
Iran,nowcast,1.4,1.1,1.6,1.3,1.4,0
Iran,nowcast,1.3,1.1,1.6,1.2,1.4,0.01
Iran,nowcast,1.3,1.1,1.6,1.3,1.4,0.01
Iran,nowcast,1.3,1.1,1.5,1.2,1.4,0.01
Iran,nowcast,1.3,1.1,1.5,1.2,1.4,0
Iran,nowcast,1.3,1.1,1.5,1.2,1.3,0.01
Iran,nowcast,1.2,1.1,1.4,1.2,1.3,0.02
Iran,nowcast,1.2,1,1.4,1.1,1.3,0.02
Iran,nowcast,1.2,1,1.4,1.1,1.3,0.02
Iran,nowcast,1.2,1,1.3,1.1,1.2,0.04
Iran,nowcast,1.2,1,1.3,1.1,1.2,0.06
Iran,nowcast,1.1,1,1.3,1.1,1.2,0.08
Iran,nowcast,1.1,1,1.2,1.1,1.2,0.1
Iran,nowcast,1.1,0.9,1.2,1,1.1,0.15
Iran,nowcast,1.1,0.9,1.2,1,1.1,0.2
Iran,nowcast,1,0.9,1.2,1,1.1,0.26
Iran,nowcast,1,0.9,1.1,1,1.1,0.31
Iran,nowcast,1,0.9,1.1,1,1.1,0.39
Iran,nowcast,1,0.9,1.1,1,1.1,0.42
Iran,nowcast,1,0.9,1.1,1,1,0.49
Iran,nowcast,1,0.9,1.1,1,1,0.52
Iran,nowcast,1,0.9,1.1,1,1,0.56
Iran,nowcast,1,0.9,1.1,1,1,0.59
Iran,nowcast,1,0.9,1.1,0.9,1,0.63
Iran,nowcast,1,0.9,1.1,0.9,1,0.64
Iran,nowcast,1,0.9,1.1,0.9,1,0.69
Iran,nowcast,1,0.8,1.1,0.9,1,0.72
Iran,nowcast,1,0.8,1.1,0.9,1,0.73
Iran,nowcast,1,0.8,1.1,0.9,1,0.77
Iran,nowcast,1,0.8,1.1,0.9,1,0.78
Iran,nowcast,0.9,0.8,1.1,0.9,1,0.8
Iran,nowcast,0.9,0.8,1.1,0.9,1,0.82
Iran,nowcast,0.9,0.8,1,0.9,1,0.84
Iran,nowcast,0.9,0.8,1,0.9,1,0.88
Iran,nowcast,0.9,0.8,1,0.9,1,0.9
Iran,nowcast,0.9,0.8,1,0.9,1,0.92
Iran,nowcast,0.9,0.8,1,0.9,0.9,0.93
Iran,nowcast,0.9,0.8,1,0.9,0.9,0.93
Iran,nowcast,0.9,0.8,1,0.9,0.9,0.94
Iran,nowcast,0.9,0.8,1,0.8,0.9,0.92
Iran,nowcast,0.9,0.8,1,0.9,0.9,0.92
Iran,nowcast,0.9,0.8,1,0.9,0.9,0.91
Iran,nowcast,0.9,0.8,1,0.8,0.9,0.9
Iran,nowcast,0.9,0.8,1,0.9,1,0.88
Iran,nowcast,0.9,0.8,1,0.9,1,0.87
Iran,nowcast,0.9,0.8,1.1,0.9,1,0.86
Iran,nowcast,0.9,0.8,1.1,0.9,1,0.83
Iran,nowcast,0.9,0.8,1.1,0.9,1,0.83
Iran,nowcast,0.9,0.8,1.1,0.9,1,0.82
Iran,nowcast,0.9,0.8,1.1,0.9,1,0.81
Iran,nowcast,0.9,0.8,1.1,0.9,1,0.81
Iran,nowcast,0.9,0.8,1.1,0.9,1,0.82
Iran,nowcast,0.9,0.8,1.1,0.9,1,0.8
Iran,nowcast,0.9,0.8,1.1,0.9,1,0.8
Iran,nowcast,0.9,0.8,1.1,0.9,1,0.8
Iran,nowcast,0.9,0.8,1.1,0.9,1,0.79
Iran,nowcast,0.9,0.8,1.1,0.9,1,0.78
Iran,nowcast,0.9,0.8,1.1,0.9,1,0.77
Iran,nowcast,0.9,0.8,1.1,0.9,1,0.74
Iran,nowcast,0.9,0.8,1.1,0.9,1,0.72
Iran,nowcast,1,0.8,1.1,0.9,1,0.66
Iran,nowcast,1,0.8,1.2,0.9,1,0.63
Iran,nowcast,1,0.8,1.2,0.9,1,0.57
Iran,forecast,1,0.8,1.2,0.9,1.1,0.58
Iran,forecast,1,0.8,1.2,0.9,1,0.59
Iran,forecast,1,0.7,1.2,0.9,1.1,0.59
Iran,forecast,1,0.7,1.2,0.9,1,0.58
Iran,forecast,1,0.7,1.2,0.9,1.1,0.58
Iran,forecast,1,0.7,1.2,0.9,1.1,0.58
Iran,forecast,1,0.7,1.2,0.8,1.1,0.59
Iran,forecast,1,0.7,1.3,0.8,1.1,0.58
Iran,forecast,1,0.7,1.3,0.9,1.1,0.58
Iran,forecast,1,0.7,1.3,0.9,1.1,0.57
Iran,forecast,1,0.6,1.3,0.8,1.1,0.58
Iran,forecast,1,0.6,1.3,0.8,1.1,0.59
Iran,forecast,1,0.6,1.3,0.8,1.1,0.58
Iran,forecast,1,0.6,1.3,0.8,1.1,0.57
Ireland,nowcast,1.3,1,1.6,1.2,1.4,0.07
Ireland,nowcast,1.3,1,1.6,1.1,1.4,0.06
Ireland,nowcast,1.2,1,1.5,1.1,1.3,0.06
Ireland,nowcast,1.2,1,1.5,1.1,1.3,0.08
Ireland,nowcast,1.2,0.9,1.5,1.1,1.3,0.09
Ireland,nowcast,1.2,0.9,1.4,1.1,1.3,0.09
Ireland,nowcast,1.2,0.9,1.4,1.1,1.3,0.1
Ireland,nowcast,1.2,0.9,1.4,1.1,1.3,0.11
Ireland,nowcast,1.2,0.9,1.4,1.1,1.3,0.1
Ireland,nowcast,1.2,0.9,1.4,1.1,1.3,0.11
Ireland,nowcast,1.1,0.9,1.4,1.1,1.2,0.12
Ireland,nowcast,1.1,0.9,1.4,1,1.2,0.15
Ireland,nowcast,1.1,0.9,1.3,1.1,1.2,0.14
Ireland,nowcast,1.1,0.9,1.3,1,1.2,0.16
Ireland,nowcast,1.1,0.9,1.3,1,1.2,0.18
Ireland,nowcast,1.1,0.9,1.3,1,1.2,0.22
Ireland,nowcast,1.1,0.9,1.3,1,1.2,0.25
Ireland,nowcast,1.1,0.9,1.3,1,1.2,0.27
Ireland,nowcast,1,0.9,1.2,1,1.1,0.33
Ireland,nowcast,1,0.8,1.2,1,1.1,0.38
Ireland,nowcast,1,0.8,1.2,0.9,1.1,0.46
Ireland,nowcast,1,0.8,1.2,0.9,1.1,0.53
Ireland,nowcast,1,0.8,1.1,0.9,1,0.65
Ireland,nowcast,0.9,0.7,1.1,0.9,1,0.72
Ireland,nowcast,0.9,0.7,1.1,0.9,1,0.78
Ireland,nowcast,0.9,0.7,1.1,0.8,1,0.86
Ireland,nowcast,0.9,0.7,1,0.8,1,0.91
Ireland,nowcast,0.8,0.6,1,0.8,0.9,0.93
Ireland,nowcast,0.8,0.6,1,0.7,0.9,0.95
Ireland,nowcast,0.8,0.6,1,0.7,0.9,0.94
Ireland,nowcast,0.8,0.6,1,0.7,0.9,0.92
Ireland,nowcast,0.8,0.6,1.1,0.7,0.9,0.89
Ireland,nowcast,0.8,0.6,1.1,0.7,0.9,0.85
Ireland,nowcast,0.9,0.6,1.2,0.7,0.9,0.77
Ireland,nowcast,0.9,0.6,1.3,0.7,1,0.71
Ireland,nowcast,0.9,0.6,1.3,0.8,1,0.61
Ireland,forecast,0.9,0.6,1.3,0.7,1,0.63
Ireland,forecast,0.9,0.5,1.4,0.7,1,0.63
Ireland,forecast,0.9,0.5,1.4,0.7,1.1,0.62
Ireland,forecast,0.9,0.5,1.4,0.7,1.1,0.61
Ireland,forecast,0.9,0.4,1.4,0.7,1.1,0.62
Ireland,forecast,0.9,0.4,1.4,0.7,1,0.62
Ireland,forecast,0.9,0.4,1.4,0.7,1.1,0.63
Ireland,forecast,0.9,0.4,1.5,0.7,1.1,0.62
Ireland,forecast,0.9,0.3,1.5,0.7,1.1,0.61
Ireland,forecast,0.9,0.3,1.5,0.6,1.1,0.61
Ireland,forecast,0.9,0.3,1.5,0.7,1.1,0.61
Ireland,forecast,0.9,0.3,1.5,0.7,1.1,0.61
Ireland,forecast,0.9,0.3,1.5,0.6,1.1,0.61
Ireland,forecast,0.9,0.3,1.6,0.6,1.1,0.6
Italy,nowcast,1.5,1.3,1.7,1.4,1.5,0
Italy,nowcast,1.5,1.3,1.7,1.4,1.5,0
Italy,nowcast,1.4,1.3,1.7,1.3,1.5,0
Italy,nowcast,1.4,1.3,1.7,1.3,1.5,0
Italy,nowcast,1.4,1.2,1.6,1.3,1.5,0
Italy,nowcast,1.4,1.2,1.6,1.3,1.5,0
Italy,nowcast,1.4,1.2,1.6,1.3,1.4,0
Italy,nowcast,1.4,1.2,1.5,1.3,1.4,0
Italy,nowcast,1.4,1.2,1.5,1.3,1.4,0
Italy,nowcast,1.3,1.2,1.5,1.3,1.4,0
Italy,nowcast,1.3,1.2,1.5,1.2,1.4,0
Italy,nowcast,1.3,1.1,1.4,1.2,1.3,0
Italy,nowcast,1.3,1.2,1.4,1.2,1.3,0
Italy,nowcast,1.3,1.1,1.4,1.2,1.3,0
Italy,nowcast,1.2,1.1,1.4,1.2,1.3,0
Italy,nowcast,1.2,1.1,1.3,1.2,1.3,0
Italy,nowcast,1.2,1.1,1.3,1.1,1.2,0
Italy,nowcast,1.2,1.1,1.3,1.1,1.2,0
Italy,nowcast,1.2,1.1,1.3,1.1,1.2,0
Italy,nowcast,1.1,1,1.2,1.1,1.2,0.01
Italy,nowcast,1.1,1,1.2,1.1,1.1,0.02
Italy,nowcast,1.1,1,1.2,1.1,1.1,0.04
Italy,nowcast,1.1,1,1.2,1,1.1,0.08
Italy,nowcast,1,1,1.1,1,1.1,0.15
Italy,nowcast,1,1,1.1,1,1.1,0.26
Italy,nowcast,1,0.9,1.1,1,1,0.37
Italy,nowcast,1,0.9,1.1,1,1,0.52
Italy,nowcast,1,0.9,1,1,1,0.68
Italy,nowcast,1,0.9,1,0.9,1,0.82
Italy,nowcast,1,0.9,1,0.9,1,0.91
Italy,nowcast,0.9,0.9,1,0.9,1,0.96
Italy,nowcast,0.9,0.9,1,0.9,1,0.99
Italy,nowcast,0.9,0.9,1,0.9,0.9,1
Italy,nowcast,0.9,0.9,1,0.9,0.9,1
Italy,nowcast,0.9,0.9,1,0.9,0.9,0.99
Italy,nowcast,0.9,0.9,1,0.9,0.9,1
Italy,nowcast,0.9,0.9,1,0.9,0.9,0.99
Italy,nowcast,0.9,0.9,1,0.9,0.9,0.99
Italy,nowcast,0.9,0.9,1,0.9,0.9,0.99
Italy,nowcast,0.9,0.9,1,0.9,0.9,0.99
Italy,nowcast,0.9,0.9,1,0.9,0.9,0.99
Italy,nowcast,0.9,0.9,1,0.9,0.9,0.98
Italy,nowcast,0.9,0.9,1,0.9,0.9,0.99
Italy,nowcast,0.9,0.8,1,0.9,0.9,0.99
Italy,nowcast,0.9,0.8,1,0.9,0.9,0.99
Italy,nowcast,0.9,0.8,1,0.9,0.9,0.99
Italy,nowcast,0.9,0.8,1,0.9,0.9,0.99
Italy,nowcast,0.9,0.8,1,0.9,0.9,1
Italy,nowcast,0.9,0.8,1,0.9,0.9,0.99
Italy,nowcast,0.9,0.8,0.9,0.9,0.9,1
Italy,nowcast,0.9,0.8,0.9,0.9,0.9,1
Italy,nowcast,0.9,0.8,0.9,0.9,0.9,1
Italy,nowcast,0.9,0.8,0.9,0.9,0.9,0.99
Italy,nowcast,0.9,0.8,0.9,0.8,0.9,1
Italy,nowcast,0.9,0.8,0.9,0.9,0.9,0.99
Italy,nowcast,0.9,0.8,0.9,0.9,0.9,0.99
Italy,nowcast,0.9,0.8,0.9,0.9,0.9,0.99
Italy,nowcast,0.9,0.8,0.9,0.9,0.9,0.99
Italy,nowcast,0.9,0.8,1,0.9,0.9,0.98
Italy,nowcast,0.9,0.8,1,0.9,0.9,0.98
Italy,nowcast,0.9,0.8,1,0.9,0.9,0.98
Italy,nowcast,0.9,0.8,1,0.9,0.9,0.96
Italy,nowcast,0.9,0.8,1,0.9,0.9,0.95
Italy,nowcast,0.9,0.8,1,0.9,0.9,0.94
Italy,nowcast,0.9,0.8,1,0.9,0.9,0.92
Italy,nowcast,0.9,0.8,1,0.9,1,0.88
Italy,forecast,0.9,0.8,1,0.9,1,0.87
Italy,forecast,0.9,0.8,1,0.9,1,0.85
Italy,forecast,0.9,0.8,1.1,0.9,1,0.81
Italy,forecast,0.9,0.8,1.1,0.9,1,0.8
Italy,forecast,0.9,0.8,1.1,0.9,1,0.79
Italy,forecast,0.9,0.8,1.1,0.9,1,0.78
Italy,forecast,0.9,0.7,1.1,0.9,1,0.76
Italy,forecast,0.9,0.8,1.1,0.9,1,0.76
Italy,forecast,0.9,0.7,1.1,0.8,1,0.75
Italy,forecast,0.9,0.7,1.1,0.8,1,0.74
Italy,forecast,0.9,0.7,1.1,0.8,1,0.73
Italy,forecast,0.9,0.7,1.1,0.8,1,0.73
Italy,forecast,0.9,0.7,1.2,0.8,1,0.71
Italy,forecast,0.9,0.7,1.2,0.8,1,0.71
Japan,nowcast,1.3,0.6,2,0.9,1.4,0.22
Japan,nowcast,1.3,0.7,2,1,1.5,0.19
Japan,nowcast,1.3,0.7,2,1,1.5,0.18
Japan,nowcast,1.3,0.7,2,1,1.5,0.18
Japan,nowcast,1.3,0.7,1.9,1.1,1.5,0.15
Japan,nowcast,1.3,0.7,1.9,1.1,1.5,0.16
Japan,nowcast,1.3,0.8,1.9,1.1,1.5,0.14
Japan,nowcast,1.3,0.8,1.8,1.1,1.5,0.14
Japan,nowcast,1.3,0.8,1.9,1.1,1.5,0.12
Japan,nowcast,1.3,0.8,1.8,1.1,1.5,0.12
Japan,nowcast,1.3,0.8,1.8,1.1,1.5,0.13
Japan,nowcast,1.3,0.9,1.8,1.1,1.5,0.11
Japan,nowcast,1.3,0.9,1.8,1.1,1.5,0.11
Japan,nowcast,1.3,0.9,1.8,1.1,1.4,0.09
Japan,nowcast,1.3,0.9,1.7,1.1,1.4,0.1
Japan,nowcast,1.3,0.9,1.7,1.1,1.4,0.1
Japan,nowcast,1.3,0.9,1.7,1.1,1.4,0.1
Japan,nowcast,1.3,0.9,1.7,1.1,1.4,0.09
Japan,nowcast,1.3,0.9,1.6,1.1,1.4,0.11
Japan,nowcast,1.2,0.9,1.6,1.1,1.3,0.13
Japan,nowcast,1.2,0.9,1.5,1.1,1.3,0.15
Japan,nowcast,1.2,0.9,1.5,1.1,1.3,0.15
Japan,nowcast,1.2,0.8,1.5,1,1.3,0.18
Japan,nowcast,1.1,0.8,1.5,1,1.3,0.2
Japan,nowcast,1.1,0.8,1.4,1,1.2,0.22
Japan,nowcast,1.1,0.8,1.4,1,1.2,0.28
Japan,nowcast,1.1,0.8,1.4,1,1.2,0.33
Japan,nowcast,1,0.8,1.3,0.9,1.2,0.38
Japan,nowcast,1,0.8,1.3,0.9,1.1,0.42
Japan,nowcast,1,0.7,1.3,0.9,1.1,0.5
Japan,nowcast,1,0.7,1.3,0.9,1.1,0.51
Japan,nowcast,1,0.7,1.3,0.9,1.1,0.52
Japan,nowcast,1,0.7,1.3,0.9,1.1,0.49
Japan,nowcast,1,0.8,1.3,0.9,1.1,0.46
Japan,nowcast,1,0.7,1.3,0.9,1.1,0.45
Japan,nowcast,1,0.7,1.3,0.9,1.1,0.43
Japan,nowcast,1,0.7,1.3,0.9,1.1,0.41
Japan,nowcast,1.1,0.7,1.4,0.9,1.1,0.37
Japan,nowcast,1.1,0.8,1.4,0.9,1.1,0.34
Japan,nowcast,1.1,0.8,1.5,0.9,1.2,0.3
Japan,forecast,1.1,0.6,1.5,0.9,1.2,0.37
Japan,forecast,1.1,0.6,1.6,0.9,1.3,0.37
Japan,forecast,1.1,0.5,1.6,0.9,1.3,0.39
Japan,forecast,1.1,0.5,1.7,0.9,1.3,0.4
Japan,forecast,1.1,0.5,1.7,0.8,1.3,0.4
Japan,forecast,1.1,0.4,1.7,0.8,1.3,0.4
Japan,forecast,1.1,0.4,1.7,0.8,1.3,0.41
Japan,forecast,1.1,0.4,1.8,0.8,1.3,0.42
Japan,forecast,1.1,0.3,1.8,0.8,1.4,0.42
Japan,forecast,1.1,0.3,1.9,0.8,1.4,0.42
Japan,forecast,1.1,0.3,1.9,0.8,1.4,0.42
Japan,forecast,1.1,0.3,1.9,0.8,1.4,0.43
Japan,forecast,1.1,0,1.7,0.7,1.3,0.44
Japan,forecast,1.1,0,1.8,0.7,1.4,0.44
Mexico,nowcast,1.4,1.1,1.6,1.2,1.4,0.01
Mexico,nowcast,1.3,1.1,1.6,1.2,1.4,0.01
Mexico,nowcast,1.3,1.1,1.6,1.2,1.4,0.02
Mexico,nowcast,1.3,1.1,1.6,1.2,1.4,0.01
Mexico,nowcast,1.3,1.1,1.5,1.2,1.4,0.02
Mexico,nowcast,1.3,1.1,1.5,1.2,1.4,0.01
Mexico,nowcast,1.3,1.1,1.5,1.2,1.3,0.01
Mexico,nowcast,1.3,1.1,1.5,1.2,1.3,0.01
Mexico,nowcast,1.3,1.1,1.5,1.2,1.3,0.01
Mexico,nowcast,1.3,1.1,1.4,1.2,1.3,0.01
Mexico,nowcast,1.2,1.1,1.4,1.2,1.3,0.01
Mexico,nowcast,1.2,1.1,1.4,1.2,1.3,0.01
Mexico,nowcast,1.2,1,1.4,1.2,1.3,0.02
Mexico,nowcast,1.2,1.1,1.4,1.2,1.3,0.01
Mexico,nowcast,1.2,1.1,1.4,1.1,1.3,0.02
Mexico,nowcast,1.2,1.1,1.4,1.1,1.3,0.02
Mexico,nowcast,1.2,1,1.3,1.1,1.2,0.02
Mexico,nowcast,1.2,1,1.3,1.1,1.2,0.02
Mexico,nowcast,1.2,1,1.3,1.1,1.2,0.02
Mexico,nowcast,1.2,1,1.3,1.1,1.2,0.02
Mexico,nowcast,1.2,1,1.3,1.1,1.2,0.03
Mexico,nowcast,1.1,1,1.3,1.1,1.2,0.03
Mexico,nowcast,1.1,1,1.3,1.1,1.2,0.03
Mexico,nowcast,1.1,1,1.3,1.1,1.2,0.02
Mexico,nowcast,1.2,1,1.3,1.1,1.2,0.02
Mexico,nowcast,1.2,1,1.3,1.1,1.2,0.02
Mexico,nowcast,1.2,1,1.3,1.1,1.2,0.01
Mexico,nowcast,1.2,1,1.3,1.1,1.2,0.01
Mexico,nowcast,1.1,1,1.3,1.1,1.2,0.02
Mexico,nowcast,1.2,1,1.3,1.1,1.2,0.02
Mexico,nowcast,1.1,1,1.3,1.1,1.2,0.02
Mexico,nowcast,1.1,1,1.3,1.1,1.2,0.01
Mexico,forecast,1.1,1,1.3,1.1,1.2,0.06
Mexico,forecast,1.1,1,1.3,1.1,1.2,0.08
Mexico,forecast,1.1,1,1.3,1.1,1.2,0.1
Mexico,forecast,1.1,0.9,1.3,1.1,1.2,0.12
Mexico,forecast,1.1,0.9,1.4,1.1,1.2,0.14
Mexico,forecast,1.1,0.9,1.4,1.1,1.2,0.14
Mexico,forecast,1.1,0.9,1.4,1,1.2,0.17
Mexico,forecast,1.1,0.9,1.4,1,1.2,0.17
Mexico,forecast,1.1,0.9,1.4,1,1.2,0.19
Mexico,forecast,1.1,0.9,1.4,1,1.2,0.2
Mexico,forecast,1.1,0.9,1.5,1,1.2,0.21
Mexico,forecast,1.1,0.8,1.5,1,1.2,0.22
Mexico,forecast,1.1,0.8,1.4,1,1.3,0.21
Mexico,forecast,1.1,0.8,1.4,1,1.2,0.23
Netherlands,nowcast,1.3,1.1,1.6,1.3,1.4,0
Netherlands,nowcast,1.3,1.1,1.6,1.2,1.4,0.01
Netherlands,nowcast,1.3,1.1,1.5,1.2,1.4,0.01
Netherlands,nowcast,1.3,1.1,1.5,1.2,1.4,0.01
Netherlands,nowcast,1.3,1.1,1.5,1.2,1.3,0.01
Netherlands,nowcast,1.2,1.1,1.4,1.2,1.3,0.01
Netherlands,nowcast,1.2,1,1.4,1.1,1.3,0.02
Netherlands,nowcast,1.2,1,1.4,1.1,1.3,0.03
Netherlands,nowcast,1.2,1,1.3,1.1,1.2,0.05
Netherlands,nowcast,1.1,1,1.3,1.1,1.2,0.07
Netherlands,nowcast,1.1,1,1.3,1.1,1.2,0.09
Netherlands,nowcast,1.1,1,1.2,1,1.2,0.12
Netherlands,nowcast,1.1,0.9,1.2,1,1.1,0.19
Netherlands,nowcast,1.1,0.9,1.2,1,1.1,0.23
Netherlands,nowcast,1,0.9,1.2,1,1.1,0.31
Netherlands,nowcast,1,0.9,1.1,1,1.1,0.4
Netherlands,nowcast,1,0.9,1.1,1,1,0.49
Netherlands,nowcast,1,0.9,1.1,0.9,1,0.58
Netherlands,nowcast,1,0.9,1.1,0.9,1,0.66
Netherlands,nowcast,1,0.9,1.1,0.9,1,0.7
Netherlands,nowcast,1,0.8,1.1,0.9,1,0.74
Netherlands,nowcast,1,0.8,1.1,0.9,1,0.79
Netherlands,nowcast,1,0.8,1.1,0.9,1,0.81
Netherlands,nowcast,0.9,0.8,1,0.9,1,0.83
Netherlands,nowcast,0.9,0.8,1,0.9,1,0.84
Netherlands,nowcast,0.9,0.8,1,0.9,1,0.85
Netherlands,nowcast,0.9,0.8,1,0.9,1,0.86
Netherlands,nowcast,0.9,0.8,1,0.9,1,0.86
Netherlands,nowcast,0.9,0.8,1,0.9,1,0.88
Netherlands,nowcast,0.9,0.8,1,0.9,1,0.91
Netherlands,nowcast,0.9,0.8,1,0.9,1,0.94
Netherlands,nowcast,0.9,0.8,1,0.9,0.9,0.95
Netherlands,nowcast,0.9,0.8,1,0.9,0.9,0.94
Netherlands,nowcast,0.9,0.8,1,0.8,0.9,0.95
Netherlands,nowcast,0.9,0.8,1,0.8,0.9,0.96
Netherlands,nowcast,0.9,0.7,1,0.8,0.9,0.95
Netherlands,nowcast,0.9,0.7,1,0.8,0.9,0.95
Netherlands,nowcast,0.9,0.7,1,0.8,0.9,0.95
Netherlands,nowcast,0.9,0.7,1,0.8,0.9,0.94
Netherlands,nowcast,0.9,0.7,1,0.8,0.9,0.92
Netherlands,nowcast,0.9,0.7,1,0.8,0.9,0.93
Netherlands,nowcast,0.9,0.7,1,0.8,0.9,0.9
Netherlands,nowcast,0.9,0.8,1,0.8,0.9,0.89
Netherlands,nowcast,0.9,0.7,1.1,0.8,0.9,0.89
Netherlands,nowcast,0.9,0.7,1.1,0.8,0.9,0.87
Netherlands,nowcast,0.9,0.7,1.1,0.8,0.9,0.86
Netherlands,nowcast,0.9,0.7,1.1,0.8,1,0.84
Netherlands,nowcast,0.9,0.7,1.1,0.8,1,0.8
Netherlands,forecast,0.9,0.7,1.1,0.8,1,0.8
Netherlands,forecast,0.9,0.7,1.1,0.8,1,0.78
Netherlands,forecast,0.9,0.7,1.1,0.8,1,0.78
Netherlands,forecast,0.9,0.6,1.1,0.8,1,0.76
Netherlands,forecast,0.9,0.6,1.2,0.8,1,0.77
Netherlands,forecast,0.9,0.6,1.2,0.8,1,0.75
Netherlands,forecast,0.9,0.6,1.2,0.8,1,0.76
Netherlands,forecast,0.9,0.6,1.2,0.8,1,0.75
Netherlands,forecast,0.9,0.6,1.2,0.8,1,0.75
Netherlands,forecast,0.9,0.6,1.2,0.7,1,0.74
Netherlands,forecast,0.9,0.5,1.2,0.7,1,0.75
Netherlands,forecast,0.9,0.5,1.2,0.7,1,0.74
Netherlands,forecast,0.9,0.5,1.2,0.7,1,0.73
Netherlands,forecast,0.9,0.5,1.2,0.7,1,0.75
Pakistan,nowcast,1.3,0.8,1.8,1.1,1.5,0.14
Pakistan,nowcast,1.3,0.8,1.8,1.1,1.5,0.15
Pakistan,nowcast,1.3,0.8,1.7,1.1,1.4,0.13
Pakistan,nowcast,1.3,0.8,1.7,1.1,1.4,0.14
Pakistan,nowcast,1.2,0.8,1.7,1.1,1.4,0.14
Pakistan,nowcast,1.2,0.8,1.7,1.1,1.4,0.14
Pakistan,nowcast,1.2,0.8,1.6,1.1,1.4,0.15
Pakistan,nowcast,1.2,0.9,1.6,1.1,1.3,0.14
Pakistan,nowcast,1.2,0.9,1.6,1.1,1.4,0.13
Pakistan,nowcast,1.2,0.8,1.6,1.1,1.3,0.13
Pakistan,nowcast,1.2,0.9,1.6,1.1,1.3,0.13
Pakistan,nowcast,1.2,0.9,1.6,1.1,1.3,0.14
Pakistan,nowcast,1.2,0.9,1.6,1.1,1.3,0.15
Pakistan,nowcast,1.2,0.9,1.5,1.1,1.3,0.14
Pakistan,nowcast,1.2,0.9,1.6,1.1,1.3,0.14
Pakistan,nowcast,1.2,0.9,1.5,1,1.3,0.14
Pakistan,nowcast,1.2,0.9,1.5,1.1,1.3,0.16
Pakistan,nowcast,1.2,0.9,1.5,1.1,1.3,0.14
Pakistan,nowcast,1.2,0.9,1.5,1.1,1.3,0.15
Pakistan,nowcast,1.2,0.9,1.5,1.1,1.3,0.15
Pakistan,nowcast,1.2,0.9,1.4,1.1,1.3,0.15
Pakistan,nowcast,1.2,0.9,1.4,1,1.2,0.16
Pakistan,nowcast,1.2,0.9,1.4,1,1.3,0.15
Pakistan,nowcast,1.1,0.9,1.4,1,1.2,0.17
Pakistan,nowcast,1.1,0.9,1.4,1,1.2,0.17
Pakistan,nowcast,1.1,0.9,1.4,1,1.2,0.17
Pakistan,nowcast,1.1,0.9,1.4,1,1.2,0.16
Pakistan,nowcast,1.1,0.9,1.4,1,1.2,0.18
Pakistan,nowcast,1.1,0.9,1.4,1,1.2,0.19
Pakistan,nowcast,1.1,0.9,1.4,1,1.2,0.18
Pakistan,nowcast,1.1,0.9,1.4,1,1.2,0.2
Pakistan,nowcast,1.1,0.9,1.4,1,1.2,0.19
Pakistan,forecast,1.1,0.8,1.5,1,1.3,0.24
Pakistan,forecast,1.1,0.8,1.5,1,1.3,0.25
Pakistan,forecast,1.1,0.7,1.5,1,1.3,0.28
Pakistan,forecast,1.1,0.7,1.6,1,1.3,0.29
Pakistan,forecast,1.1,0.7,1.6,1,1.3,0.29
Pakistan,forecast,1.2,0.7,1.6,1,1.4,0.3
Pakistan,forecast,1.1,0.7,1.7,0.9,1.3,0.3
Pakistan,forecast,1.2,0.6,1.7,1,1.3,0.31
Pakistan,forecast,1.1,0.6,1.7,0.9,1.4,0.33
Pakistan,forecast,1.1,0.6,1.7,0.9,1.3,0.33
Pakistan,forecast,1.1,0.6,1.7,0.9,1.3,0.33
Pakistan,forecast,1.1,0.6,1.7,0.9,1.3,0.34
Pakistan,forecast,1.1,0.6,1.8,0.9,1.4,0.33
Pakistan,forecast,1.1,0.5,1.7,0.9,1.4,0.33
Peru,nowcast,1.3,1,1.7,1.2,1.4,0.04
Peru,nowcast,1.3,1,1.7,1.2,1.4,0.05
Peru,nowcast,1.3,1,1.6,1.2,1.4,0.05
Peru,nowcast,1.3,1,1.6,1.2,1.4,0.05
Peru,nowcast,1.3,1,1.6,1.2,1.4,0.04
Peru,nowcast,1.3,1,1.6,1.2,1.4,0.04
Peru,nowcast,1.3,1,1.5,1.2,1.4,0.04
Peru,nowcast,1.3,1,1.6,1.2,1.4,0.03
Peru,nowcast,1.3,1,1.6,1.2,1.4,0.04
Peru,nowcast,1.3,1,1.5,1.2,1.3,0.04
Peru,nowcast,1.3,1,1.5,1.2,1.4,0.04
Peru,nowcast,1.3,1,1.5,1.2,1.4,0.03
Peru,nowcast,1.2,1,1.5,1.2,1.3,0.03
Peru,nowcast,1.2,1,1.5,1.1,1.3,0.04
Peru,nowcast,1.2,1,1.5,1.1,1.3,0.03
Peru,nowcast,1.2,1,1.4,1.2,1.3,0.04
Peru,nowcast,1.2,1,1.4,1.1,1.3,0.04
Peru,nowcast,1.2,1,1.4,1.1,1.3,0.05
Peru,nowcast,1.2,1,1.4,1.1,1.3,0.04
Peru,nowcast,1.2,1,1.4,1.1,1.3,0.05
Peru,nowcast,1.2,1,1.3,1.1,1.2,0.06
Peru,nowcast,1.2,1,1.3,1.1,1.2,0.07
Peru,nowcast,1.2,1,1.3,1.1,1.2,0.07
Peru,nowcast,1.1,1,1.3,1.1,1.2,0.07
Peru,nowcast,1.1,1,1.3,1.1,1.2,0.09
Peru,nowcast,1.1,1,1.3,1.1,1.2,0.08
Peru,nowcast,1.1,1,1.3,1.1,1.2,0.1
Peru,nowcast,1.1,0.9,1.3,1.1,1.2,0.11
Peru,nowcast,1.1,0.9,1.3,1,1.2,0.12
Peru,nowcast,1.1,0.9,1.3,1,1.2,0.14
Peru,nowcast,1.1,0.9,1.2,1,1.2,0.17
Peru,nowcast,1.1,0.9,1.2,1,1.1,0.17
Peru,nowcast,1.1,0.9,1.3,1,1.1,0.17
Peru,nowcast,1.1,0.9,1.3,1,1.1,0.17
Peru,forecast,1.1,0.9,1.3,1,1.2,0.26
Peru,forecast,1.1,0.8,1.3,1,1.2,0.28
Peru,forecast,1.1,0.8,1.4,1,1.2,0.29
Peru,forecast,1.1,0.8,1.4,0.9,1.2,0.32
Peru,forecast,1.1,0.8,1.4,1,1.2,0.33
Peru,forecast,1.1,0.8,1.4,1,1.2,0.35
Peru,forecast,1.1,0.7,1.4,0.9,1.2,0.36
Peru,forecast,1.1,0.7,1.4,0.9,1.2,0.35
Peru,forecast,1.1,0.7,1.4,0.9,1.2,0.37
Peru,forecast,1.1,0.7,1.5,0.9,1.2,0.38
Peru,forecast,1.1,0.7,1.5,0.9,1.2,0.38
Peru,forecast,1.1,0.7,1.5,0.9,1.2,0.4
Peru,forecast,1.1,0.7,1.5,0.9,1.2,0.4
Peru,forecast,1.1,0.7,1.5,0.9,1.2,0.4
Philippines,nowcast,1.3,0.8,1.9,1.1,1.5,0.14
Philippines,nowcast,1.3,0.8,1.9,1.1,1.5,0.13
Philippines,nowcast,1.3,0.8,1.9,1.1,1.5,0.13
Philippines,nowcast,1.3,0.8,1.8,1.1,1.4,0.13
Philippines,nowcast,1.3,0.8,1.7,1.1,1.4,0.15
Philippines,nowcast,1.3,0.8,1.7,1.1,1.4,0.14
Philippines,nowcast,1.2,0.8,1.7,1.1,1.4,0.15
Philippines,nowcast,1.2,0.8,1.7,1.1,1.4,0.16
Philippines,nowcast,1.2,0.8,1.6,1.1,1.4,0.17
Philippines,nowcast,1.2,0.8,1.6,1,1.3,0.18
Philippines,nowcast,1.2,0.8,1.6,1,1.3,0.19
Philippines,nowcast,1.2,0.8,1.6,1,1.3,0.18
Philippines,nowcast,1.2,0.8,1.5,1,1.3,0.19
Philippines,nowcast,1.1,0.8,1.5,1,1.3,0.22
Philippines,nowcast,1.1,0.8,1.5,1,1.3,0.23
Philippines,nowcast,1.1,0.8,1.5,1,1.3,0.24
Philippines,nowcast,1.1,0.8,1.5,1,1.3,0.26
Philippines,nowcast,1.1,0.8,1.4,1,1.2,0.27
Philippines,nowcast,1.1,0.8,1.4,1,1.2,0.3
Philippines,nowcast,1.1,0.8,1.4,0.9,1.2,0.34
Philippines,nowcast,1,0.8,1.4,0.9,1.2,0.39
Philippines,nowcast,1,0.7,1.3,0.9,1.2,0.41
Philippines,nowcast,1,0.7,1.3,0.9,1.1,0.45
Philippines,nowcast,1,0.7,1.3,0.9,1.1,0.51
Philippines,nowcast,1,0.7,1.2,0.9,1.1,0.55
Philippines,nowcast,1,0.7,1.2,0.9,1.1,0.6
Philippines,nowcast,1,0.6,1.2,0.8,1.1,0.62
Philippines,nowcast,0.9,0.7,1.2,0.8,1,0.65
Philippines,nowcast,0.9,0.7,1.2,0.8,1,0.64
Philippines,nowcast,1,0.7,1.3,0.8,1.1,0.62
Philippines,nowcast,1,0.7,1.3,0.8,1,0.6
Philippines,nowcast,1,0.7,1.3,0.9,1.1,0.58
Philippines,nowcast,1,0.7,1.3,0.9,1.1,0.54
Philippines,nowcast,1,0.7,1.3,0.9,1.1,0.52
Philippines,nowcast,1,0.7,1.4,0.9,1.1,0.46
Philippines,nowcast,1,0.7,1.4,0.9,1.1,0.43
Philippines,nowcast,1,0.7,1.4,0.9,1.2,0.41
Philippines,nowcast,1,0.7,1.4,0.9,1.2,0.39
Philippines,nowcast,1.1,0.8,1.4,0.9,1.2,0.36
Philippines,nowcast,1.1,0.8,1.4,0.9,1.2,0.35
Philippines,nowcast,1.1,0.8,1.4,0.9,1.2,0.35
Philippines,nowcast,1.1,0.8,1.4,0.9,1.2,0.34
Philippines,nowcast,1.1,0.8,1.4,0.9,1.2,0.34
Philippines,nowcast,1.1,0.8,1.4,0.9,1.2,0.31
Philippines,nowcast,1.1,0.8,1.5,1,1.2,0.29
Philippines,nowcast,1.1,0.8,1.5,0.9,1.2,0.25
Philippines,nowcast,1.2,0.8,1.6,1,1.3,0.22
Philippines,forecast,1.1,0.7,1.6,0.9,1.3,0.29
Philippines,forecast,1.1,0.7,1.6,0.9,1.3,0.3
Philippines,forecast,1.1,0.6,1.6,0.9,1.3,0.31
Philippines,forecast,1.1,0.6,1.7,0.9,1.3,0.32
Philippines,forecast,1.1,0.6,1.7,0.9,1.4,0.33
Philippines,forecast,1.1,0.6,1.7,0.9,1.4,0.33
Philippines,forecast,1.1,0.5,1.7,0.9,1.3,0.35
Philippines,forecast,1.1,0.5,1.8,0.9,1.4,0.35
Philippines,forecast,1.1,0.5,1.8,0.8,1.3,0.35
Philippines,forecast,1.2,0.5,1.8,0.9,1.4,0.34
Philippines,forecast,1.1,0.4,1.8,0.9,1.4,0.37
Philippines,forecast,1.1,0.4,1.9,0.8,1.4,0.38
Philippines,forecast,1.1,0.4,1.9,0.8,1.4,0.38
Philippines,forecast,1.1,0.4,1.9,0.8,1.4,0.37
Poland,nowcast,1.2,0.9,1.6,1,1.3,0.17
Poland,nowcast,1.2,0.8,1.5,1.1,1.3,0.17
Poland,nowcast,1.1,0.8,1.5,1,1.3,0.21
Poland,nowcast,1.1,0.8,1.4,1,1.3,0.23
Poland,nowcast,1.1,0.8,1.4,1,1.2,0.25
Poland,nowcast,1.1,0.8,1.4,1,1.2,0.28
Poland,nowcast,1.1,0.8,1.4,1,1.2,0.3
Poland,nowcast,1.1,0.8,1.4,1,1.2,0.32
Poland,nowcast,1.1,0.8,1.3,0.9,1.2,0.34
Poland,nowcast,1.1,0.8,1.3,1,1.2,0.35
Poland,nowcast,1.1,0.8,1.3,1,1.2,0.36
Poland,nowcast,1,0.8,1.4,0.9,1.1,0.38
Poland,nowcast,1,0.8,1.3,0.9,1.1,0.38
Poland,nowcast,1,0.8,1.3,0.9,1.1,0.41
Poland,nowcast,1,0.8,1.3,0.9,1.1,0.41
Poland,nowcast,1,0.7,1.3,0.9,1.1,0.44
Poland,nowcast,1,0.7,1.3,0.9,1.1,0.43
Poland,nowcast,1,0.7,1.3,0.9,1.1,0.45
Poland,nowcast,1,0.7,1.3,0.9,1.1,0.48
Poland,nowcast,1,0.7,1.3,0.9,1.1,0.49
Poland,nowcast,1,0.7,1.3,0.9,1.1,0.53
Poland,nowcast,1,0.7,1.2,0.9,1.1,0.56
Poland,nowcast,1,0.7,1.3,0.9,1.1,0.58
Poland,nowcast,1,0.7,1.2,0.9,1.1,0.6
Poland,nowcast,1,0.7,1.2,0.9,1.1,0.59
Poland,nowcast,1,0.7,1.2,0.9,1.1,0.58
Poland,nowcast,1,0.7,1.3,0.9,1.1,0.56
Poland,nowcast,1,0.7,1.3,0.9,1.1,0.53
Poland,nowcast,1,0.7,1.3,0.9,1.1,0.5
Poland,nowcast,1,0.7,1.4,0.9,1.1,0.44
Poland,nowcast,1.1,0.7,1.5,0.9,1.1,0.37
Poland,nowcast,1.1,0.8,1.5,0.9,1.2,0.3
Poland,forecast,1.1,0.7,1.5,0.9,1.2,0.36
Poland,forecast,1.1,0.6,1.5,0.9,1.2,0.38
Poland,forecast,1.1,0.6,1.5,0.8,1.2,0.39
Poland,forecast,1.1,0.6,1.6,0.9,1.2,0.39
Poland,forecast,1.1,0.6,1.6,0.9,1.3,0.39
Poland,forecast,1.1,0.6,1.6,0.9,1.2,0.4
Poland,forecast,1.1,0.6,1.6,0.8,1.2,0.41
Poland,forecast,1.1,0.5,1.6,0.8,1.2,0.4
Poland,forecast,1.1,0.5,1.7,0.9,1.3,0.4
Poland,forecast,1.1,0.5,1.6,0.9,1.3,0.42
Poland,forecast,1.1,0.5,1.7,0.8,1.3,0.42
Poland,forecast,1.1,0.5,1.7,0.9,1.3,0.42
Poland,forecast,1.1,0.5,1.7,0.8,1.3,0.42
Poland,forecast,1.1,0.5,1.7,0.8,1.3,0.43
Portugal,nowcast,1.2,0.9,1.6,1.1,1.3,0.1
Portugal,nowcast,1.2,0.9,1.5,1.1,1.3,0.13
Portugal,nowcast,1.2,0.9,1.5,1.1,1.3,0.13
Portugal,nowcast,1.2,0.9,1.4,1,1.3,0.15
Portugal,nowcast,1.1,0.9,1.4,1,1.2,0.17
Portugal,nowcast,1.1,0.8,1.4,1,1.2,0.21
Portugal,nowcast,1.1,0.9,1.4,1,1.2,0.23
Portugal,nowcast,1.1,0.8,1.4,1,1.2,0.27
Portugal,nowcast,1.1,0.8,1.3,1,1.2,0.3
Portugal,nowcast,1.1,0.8,1.3,1,1.2,0.3
Portugal,nowcast,1,0.8,1.3,1,1.1,0.36
Portugal,nowcast,1,0.8,1.3,1,1.1,0.39
Portugal,nowcast,1,0.8,1.2,0.9,1.1,0.4
Portugal,nowcast,1,0.8,1.3,0.9,1.1,0.43
Portugal,nowcast,1,0.8,1.2,0.9,1.1,0.46
Portugal,nowcast,1,0.8,1.2,0.9,1.1,0.49
Portugal,nowcast,1,0.8,1.2,0.9,1.1,0.53
Portugal,nowcast,1,0.7,1.2,0.9,1.1,0.59
Portugal,nowcast,1,0.7,1.2,0.9,1.1,0.59
Portugal,nowcast,1,0.7,1.2,0.9,1,0.63
Portugal,nowcast,1,0.7,1.2,0.9,1,0.63
Portugal,nowcast,0.9,0.7,1.2,0.9,1,0.67
Portugal,nowcast,0.9,0.7,1.2,0.9,1,0.68
Portugal,nowcast,0.9,0.7,1.1,0.9,1,0.71
Portugal,nowcast,0.9,0.7,1.2,0.8,1,0.7
Portugal,nowcast,0.9,0.7,1.2,0.8,1,0.74
Portugal,nowcast,0.9,0.7,1.2,0.8,1,0.76
Portugal,nowcast,0.9,0.7,1.2,0.8,1,0.76
Portugal,nowcast,0.9,0.7,1.2,0.8,1,0.77
Portugal,nowcast,0.9,0.7,1.1,0.8,1,0.78
Portugal,nowcast,0.9,0.6,1.1,0.8,1,0.81
Portugal,nowcast,0.9,0.6,1.1,0.8,1,0.83
Portugal,nowcast,0.9,0.6,1.1,0.7,0.9,0.82
Portugal,nowcast,0.9,0.6,1.1,0.8,0.9,0.81
Portugal,nowcast,0.9,0.6,1.2,0.8,1,0.78
Portugal,nowcast,0.9,0.6,1.2,0.8,1,0.75
Portugal,nowcast,0.9,0.6,1.2,0.8,1,0.68
Portugal,nowcast,0.9,0.6,1.3,0.8,1,0.62
Portugal,nowcast,1,0.7,1.4,0.8,1.1,0.55
Portugal,nowcast,1,0.7,1.5,0.8,1.1,0.48
Portugal,nowcast,1.1,0.7,1.6,0.9,1.2,0.4
Romania,nowcast,1.3,0.9,1.7,1.1,1.4,0.11
Romania,nowcast,1.2,0.9,1.6,1.1,1.4,0.12
Romania,nowcast,1.2,0.9,1.6,1.1,1.4,0.14
Romania,nowcast,1.2,0.9,1.6,1.1,1.3,0.15
Romania,nowcast,1.2,0.8,1.5,1.1,1.3,0.16
Romania,nowcast,1.2,0.8,1.5,1,1.3,0.18
Romania,nowcast,1.1,0.8,1.4,1,1.3,0.21
Romania,nowcast,1.1,0.8,1.4,1,1.2,0.24
Romania,nowcast,1.1,0.8,1.4,1,1.2,0.25
Romania,nowcast,1.1,0.8,1.4,1,1.2,0.26
Romania,nowcast,1.1,0.8,1.4,1,1.2,0.3
Romania,nowcast,1.1,0.8,1.3,1,1.2,0.33
Romania,nowcast,1.1,0.8,1.3,1,1.2,0.35
Romania,nowcast,1.1,0.8,1.3,1,1.2,0.35
Romania,nowcast,1,0.8,1.3,0.9,1.1,0.39
Romania,nowcast,1,0.7,1.3,0.9,1.1,0.4
Romania,nowcast,1,0.8,1.3,1,1.2,0.39
Romania,nowcast,1,0.8,1.3,0.9,1.1,0.4
Romania,nowcast,1,0.8,1.3,0.9,1.1,0.41
Romania,nowcast,1,0.8,1.3,0.9,1.1,0.38
Romania,nowcast,1,0.8,1.3,0.9,1.1,0.37
Romania,nowcast,1,0.8,1.3,0.9,1.1,0.37
Romania,nowcast,1.1,0.8,1.3,0.9,1.1,0.35
Romania,nowcast,1,0.8,1.3,0.9,1.1,0.37
Romania,nowcast,1.1,0.8,1.3,1,1.2,0.34
Romania,nowcast,1,0.8,1.3,1,1.1,0.35
Romania,nowcast,1,0.8,1.3,1,1.2,0.36
Romania,nowcast,1,0.8,1.3,0.9,1.1,0.37
Romania,nowcast,1,0.8,1.3,1,1.1,0.38
Romania,nowcast,1,0.8,1.3,0.9,1.1,0.4
Romania,nowcast,1,0.8,1.3,0.9,1.1,0.4
Romania,nowcast,1,0.8,1.3,0.9,1.1,0.41
Romania,nowcast,1,0.8,1.3,0.9,1.1,0.41
Romania,nowcast,1,0.8,1.3,0.9,1.1,0.43
Romania,nowcast,1,0.8,1.3,0.9,1.1,0.41
Romania,nowcast,1,0.8,1.3,0.9,1.1,0.39
Romania,nowcast,1,0.8,1.3,0.9,1.1,0.38
Romania,nowcast,1.1,0.8,1.4,0.9,1.1,0.34
Romania,nowcast,1.1,0.8,1.4,0.9,1.2,0.3
Romania,forecast,1.1,0.8,1.4,1,1.2,0.34
Romania,forecast,1.1,0.7,1.5,0.9,1.2,0.35
Romania,forecast,1.1,0.7,1.5,0.9,1.2,0.38
Romania,forecast,1.1,0.7,1.5,0.9,1.3,0.36
Romania,forecast,1.1,0.7,1.5,0.9,1.2,0.37
Romania,forecast,1.1,0.6,1.5,0.9,1.3,0.38
Romania,forecast,1.1,0.6,1.5,0.9,1.2,0.39
Romania,forecast,1.1,0.6,1.6,0.9,1.3,0.39
Romania,forecast,1.1,0.6,1.6,0.9,1.3,0.41
Romania,forecast,1.1,0.5,1.6,0.9,1.2,0.39
Romania,forecast,1.1,0.6,1.6,0.9,1.3,0.4
Romania,forecast,1.1,0.5,1.6,0.9,1.2,0.4
Romania,forecast,1.1,0.5,1.6,0.9,1.3,0.41
Romania,forecast,1.1,0.5,1.7,0.8,1.3,0.41
Russia,nowcast,1.4,1,1.7,1.2,1.5,0.03
Russia,nowcast,1.4,1.1,1.7,1.2,1.5,0.03
Russia,nowcast,1.4,1,1.7,1.2,1.5,0.03
Russia,nowcast,1.3,1.1,1.6,1.2,1.4,0.02
Russia,nowcast,1.3,1.1,1.6,1.2,1.5,0.02
Russia,nowcast,1.3,1,1.6,1.2,1.4,0.02
Russia,nowcast,1.3,1.1,1.6,1.2,1.4,0.02
Russia,nowcast,1.3,1,1.5,1.2,1.4,0.03
Russia,nowcast,1.3,1,1.5,1.2,1.4,0.03
Russia,nowcast,1.3,1,1.5,1.2,1.3,0.03
Russia,nowcast,1.2,1,1.5,1.1,1.3,0.03
Russia,nowcast,1.2,1,1.5,1.2,1.3,0.04
Russia,nowcast,1.2,1,1.4,1.1,1.3,0.04
Russia,nowcast,1.2,1,1.4,1.1,1.3,0.04
Russia,nowcast,1.2,1,1.4,1.1,1.3,0.05
Russia,nowcast,1.2,1,1.4,1.1,1.3,0.05
Russia,nowcast,1.2,1,1.3,1.1,1.2,0.06
Russia,nowcast,1.2,1,1.3,1.1,1.2,0.06
Russia,nowcast,1.2,1,1.3,1.1,1.2,0.07
Russia,nowcast,1.1,1,1.3,1.1,1.2,0.08
Russia,nowcast,1.1,1,1.3,1.1,1.2,0.09
Russia,nowcast,1.1,0.9,1.3,1.1,1.2,0.11
Russia,nowcast,1.1,1,1.3,1.1,1.2,0.11
Russia,nowcast,1.1,1,1.3,1,1.2,0.12
Russia,nowcast,1.1,0.9,1.3,1,1.2,0.13
Russia,nowcast,1.1,0.9,1.2,1,1.2,0.14
Russia,nowcast,1.1,0.9,1.2,1,1.1,0.15
Russia,nowcast,1.1,0.9,1.2,1,1.1,0.17
Russia,nowcast,1.1,0.9,1.2,1,1.1,0.16
Russia,nowcast,1.1,0.9,1.2,1,1.1,0.15
Russia,nowcast,1.1,0.9,1.3,1,1.1,0.14
Russia,forecast,1.1,0.9,1.3,1,1.2,0.24
Russia,forecast,1.1,0.9,1.3,1,1.2,0.27
Russia,forecast,1.1,0.8,1.4,1,1.2,0.3
Russia,forecast,1.1,0.8,1.4,0.9,1.2,0.32
Russia,forecast,1.1,0.8,1.4,1,1.2,0.33
Russia,forecast,1.1,0.8,1.4,1,1.2,0.34
Russia,forecast,1.1,0.7,1.4,0.9,1.2,0.36
Russia,forecast,1.1,0.7,1.4,0.9,1.2,0.36
Russia,forecast,1.1,0.7,1.4,0.9,1.2,0.38
Russia,forecast,1.1,0.7,1.4,0.9,1.2,0.38
Russia,forecast,1.1,0.7,1.5,0.9,1.2,0.4
Russia,forecast,1.1,0.7,1.5,0.9,1.2,0.4
Russia,forecast,1.1,0.6,1.5,0.9,1.2,0.4
Russia,forecast,1.1,0.6,1.5,0.9,1.2,0.41
Spain,nowcast,1.4,1.2,1.6,1.3,1.5,0
Spain,nowcast,1.4,1.2,1.6,1.3,1.4,0
Spain,nowcast,1.4,1.2,1.5,1.3,1.4,0
Spain,nowcast,1.3,1.2,1.5,1.3,1.4,0
Spain,nowcast,1.3,1.2,1.5,1.2,1.4,0
Spain,nowcast,1.3,1.2,1.5,1.2,1.4,0
Spain,nowcast,1.3,1.1,1.4,1.2,1.3,0
Spain,nowcast,1.3,1.1,1.4,1.2,1.3,0
Spain,nowcast,1.2,1.1,1.4,1.2,1.3,0
Spain,nowcast,1.2,1.1,1.3,1.1,1.2,0
Spain,nowcast,1.2,1.1,1.3,1.1,1.2,0
Spain,nowcast,1.1,1,1.3,1.1,1.2,0.01
Spain,nowcast,1.1,1,1.2,1.1,1.1,0.02
Spain,nowcast,1.1,1,1.2,1.1,1.1,0.06
Spain,nowcast,1.1,1,1.1,1,1.1,0.13
Spain,nowcast,1,0.9,1.1,1,1,0.28
Spain,nowcast,1,0.9,1.1,1,1,0.45
Spain,nowcast,1,0.9,1.1,0.9,1,0.66
Spain,nowcast,1,0.9,1,0.9,1,0.83
Spain,nowcast,0.9,0.9,1,0.9,1,0.92
Spain,nowcast,0.9,0.9,1,0.9,1,0.98
Spain,nowcast,0.9,0.9,1,0.9,0.9,0.99
Spain,nowcast,0.9,0.8,1,0.9,0.9,1
Spain,nowcast,0.9,0.8,1,0.9,0.9,1
Spain,nowcast,0.9,0.8,0.9,0.9,0.9,1
Spain,nowcast,0.9,0.8,0.9,0.9,0.9,1
Spain,nowcast,0.9,0.8,0.9,0.9,0.9,1
Spain,nowcast,0.9,0.8,0.9,0.9,0.9,1
Spain,nowcast,0.9,0.8,0.9,0.9,0.9,1
Spain,nowcast,0.9,0.8,0.9,0.8,0.9,1
Spain,nowcast,0.9,0.8,0.9,0.8,0.9,1
Spain,nowcast,0.9,0.8,0.9,0.8,0.9,1
Spain,nowcast,0.9,0.8,0.9,0.8,0.9,1
Spain,nowcast,0.9,0.8,0.9,0.8,0.9,1
Spain,nowcast,0.8,0.8,0.9,0.8,0.9,1
Spain,nowcast,0.8,0.8,0.9,0.8,0.9,1
Spain,nowcast,0.8,0.8,0.9,0.8,0.9,1
Spain,nowcast,0.8,0.8,0.9,0.8,0.9,1
Spain,nowcast,0.8,0.8,0.9,0.8,0.9,1
Spain,nowcast,0.8,0.8,0.9,0.8,0.9,1
Spain,nowcast,0.8,0.8,0.9,0.8,0.9,1
Spain,nowcast,0.8,0.8,0.9,0.8,0.9,1
Spain,nowcast,0.8,0.8,0.9,0.8,0.9,1
Spain,nowcast,0.9,0.8,0.9,0.8,0.9,1
Spain,nowcast,0.9,0.8,0.9,0.8,0.9,0.99
Spain,nowcast,0.9,0.8,0.9,0.8,0.9,0.99
Spain,nowcast,0.9,0.8,0.9,0.8,0.9,0.99
Spain,nowcast,0.9,0.8,0.9,0.8,0.9,0.99
Spain,nowcast,0.9,0.8,1,0.8,0.9,0.99
Spain,nowcast,0.9,0.8,1,0.8,0.9,0.98
Spain,nowcast,0.9,0.8,1,0.8,0.9,0.96
Spain,nowcast,0.9,0.8,1,0.9,0.9,0.91
Spain,forecast,0.9,0.8,1,0.9,1,0.91
Spain,forecast,0.9,0.8,1,0.8,0.9,0.89
Spain,forecast,0.9,0.8,1,0.8,1,0.87
Spain,forecast,0.9,0.7,1.1,0.8,1,0.85
Spain,forecast,0.9,0.7,1.1,0.8,1,0.84
Spain,forecast,0.9,0.7,1.1,0.8,1,0.82
Spain,forecast,0.9,0.7,1.1,0.8,1,0.81
Spain,forecast,0.9,0.7,1.1,0.8,1,0.8
Spain,forecast,0.9,0.7,1.1,0.8,1,0.78
Spain,forecast,0.9,0.7,1.1,0.8,1,0.77
Spain,forecast,0.9,0.7,1.1,0.8,1,0.77
Spain,forecast,0.9,0.7,1.2,0.8,1,0.75
Spain,forecast,0.9,0.6,1.2,0.8,1,0.74
Spain,forecast,0.9,0.6,1.2,0.8,1,0.73
Spain,forecast,0.9,0.6,1.2,0.8,1,0.72
Sweden,nowcast,1.4,1.1,1.7,1.2,1.5,0.02
Sweden,nowcast,1.3,1.1,1.6,1.2,1.4,0.02
Sweden,nowcast,1.3,1.1,1.6,1.2,1.4,0.01
Sweden,nowcast,1.3,1.1,1.5,1.2,1.4,0.02
Sweden,nowcast,1.3,1.1,1.5,1.2,1.4,0.02
Sweden,nowcast,1.3,1,1.5,1.2,1.3,0.02
Sweden,nowcast,1.2,1,1.5,1.2,1.3,0.03
Sweden,nowcast,1.2,1,1.4,1.2,1.3,0.04
Sweden,nowcast,1.2,1,1.4,1.1,1.3,0.04
Sweden,nowcast,1.2,1,1.4,1.1,1.2,0.05
Sweden,nowcast,1.2,1,1.4,1.1,1.2,0.07
Sweden,nowcast,1.1,1,1.3,1.1,1.2,0.08
Sweden,nowcast,1.1,1,1.3,1.1,1.2,0.11
Sweden,nowcast,1.1,1,1.3,1.1,1.2,0.12
Sweden,nowcast,1.1,0.9,1.3,1,1.2,0.13
Sweden,nowcast,1.1,0.9,1.2,1,1.1,0.17
Sweden,nowcast,1.1,0.9,1.2,1,1.1,0.21
Sweden,nowcast,1.1,0.9,1.2,1,1.1,0.21
Sweden,nowcast,1.1,0.9,1.2,1,1.1,0.24
Sweden,nowcast,1.1,0.9,1.2,1,1.1,0.25
Sweden,nowcast,1.1,0.9,1.2,1,1.1,0.27
Sweden,nowcast,1,0.9,1.2,1,1.1,0.31
Sweden,nowcast,1,0.9,1.2,1,1.1,0.36
Sweden,nowcast,1,0.9,1.2,1,1.1,0.42
Sweden,nowcast,1,0.9,1.1,1,1.1,0.52
Sweden,nowcast,1,0.8,1.1,0.9,1,0.58
Sweden,nowcast,1,0.8,1.1,0.9,1,0.64
Sweden,nowcast,1,0.8,1.1,0.9,1,0.69
Sweden,nowcast,1,0.8,1.1,0.9,1,0.73
Sweden,nowcast,0.9,0.8,1.1,0.9,1,0.76
Sweden,nowcast,0.9,0.8,1.1,0.9,1,0.79
Sweden,nowcast,0.9,0.8,1.1,0.9,1,0.8
Sweden,nowcast,0.9,0.8,1.1,0.9,1,0.78
Sweden,nowcast,0.9,0.8,1.1,0.9,1,0.74
Sweden,nowcast,1,0.8,1.1,0.9,1,0.7
Sweden,nowcast,1,0.8,1.1,0.9,1,0.64
Sweden,nowcast,1,0.8,1.1,0.9,1,0.61
Sweden,nowcast,1,0.8,1.1,0.9,1,0.54
Sweden,nowcast,1,0.9,1.2,0.9,1,0.5
Sweden,nowcast,1,0.9,1.2,0.9,1.1,0.45
Sweden,nowcast,1,0.9,1.2,0.9,1.1,0.4
Sweden,nowcast,1,0.9,1.2,1,1.1,0.35
Sweden,forecast,1,0.8,1.3,0.9,1.1,0.39
Sweden,forecast,1,0.8,1.3,0.9,1.1,0.41
Sweden,forecast,1,0.8,1.3,0.9,1.1,0.42
Sweden,forecast,1,0.8,1.3,0.9,1.1,0.45
Sweden,forecast,1,0.7,1.3,0.9,1.1,0.42
Sweden,forecast,1,0.8,1.3,0.9,1.1,0.45
Sweden,forecast,1,0.7,1.4,0.9,1.1,0.45
Sweden,forecast,1,0.7,1.3,0.9,1.1,0.45
Sweden,forecast,1,0.7,1.4,0.9,1.1,0.46
Sweden,forecast,1,0.7,1.4,0.9,1.2,0.45
Sweden,forecast,1,0.7,1.4,0.9,1.2,0.46
Sweden,forecast,1,0.7,1.4,0.8,1.1,0.48
Sweden,forecast,1,0.7,1.4,0.8,1.1,0.48
Sweden,forecast,1,0.6,1.4,0.8,1.1,0.48
Switzerland,nowcast,1.3,1,1.6,1.2,1.4,0.05
Switzerland,nowcast,1.3,1,1.5,1.1,1.4,0.06
Switzerland,nowcast,1.2,0.9,1.5,1.1,1.3,0.08
Switzerland,nowcast,1.2,0.9,1.5,1.1,1.3,0.11
Switzerland,nowcast,1.2,0.9,1.4,1.1,1.3,0.11
Switzerland,nowcast,1.1,0.9,1.4,1.1,1.3,0.15
Switzerland,nowcast,1.1,0.9,1.4,1,1.2,0.19
Switzerland,nowcast,1.1,0.9,1.3,1,1.2,0.23
Switzerland,nowcast,1.1,0.8,1.3,1,1.2,0.29
Switzerland,nowcast,1.1,0.8,1.2,1,1.1,0.34
Switzerland,nowcast,1,0.8,1.2,0.9,1.1,0.38
Switzerland,nowcast,1,0.8,1.2,0.9,1.1,0.44
Switzerland,nowcast,1,0.8,1.2,0.9,1.1,0.51
Switzerland,nowcast,1,0.8,1.2,0.9,1.1,0.53
Switzerland,nowcast,1,0.8,1.2,0.9,1.1,0.57
Switzerland,nowcast,1,0.8,1.2,0.9,1.1,0.6
Switzerland,nowcast,1,0.8,1.1,0.9,1,0.65
Switzerland,nowcast,0.9,0.7,1.1,0.9,1,0.69
Switzerland,nowcast,0.9,0.7,1.1,0.9,1,0.7
Switzerland,nowcast,0.9,0.7,1.1,0.8,1,0.74
Switzerland,nowcast,0.9,0.7,1.1,0.9,1,0.77
Switzerland,nowcast,0.9,0.7,1.1,0.8,1,0.77
Switzerland,nowcast,0.9,0.7,1.1,0.8,1,0.76
Switzerland,nowcast,0.9,0.7,1.1,0.8,1,0.79
Switzerland,nowcast,0.9,0.7,1.1,0.8,1,0.81
Switzerland,nowcast,0.9,0.7,1.1,0.8,1,0.83
Switzerland,nowcast,0.9,0.7,1.1,0.8,1,0.85
Switzerland,nowcast,0.9,0.7,1.1,0.8,0.9,0.86
Switzerland,nowcast,0.9,0.6,1.1,0.8,0.9,0.88
Switzerland,nowcast,0.8,0.6,1.1,0.8,0.9,0.88
Switzerland,nowcast,0.8,0.6,1.1,0.7,0.9,0.89
Switzerland,nowcast,0.8,0.6,1.1,0.7,0.9,0.89
Switzerland,nowcast,0.8,0.6,1.1,0.7,0.9,0.9
Switzerland,nowcast,0.8,0.6,1.1,0.7,0.9,0.89
Switzerland,nowcast,0.8,0.6,1.1,0.7,0.9,0.89
Switzerland,nowcast,0.8,0.6,1.1,0.7,0.9,0.89
Switzerland,nowcast,0.8,0.6,1.1,0.7,0.9,0.87
Switzerland,nowcast,0.8,0.5,1.1,0.7,0.9,0.85
Switzerland,nowcast,0.8,0.6,1.1,0.7,0.9,0.83
Switzerland,nowcast,0.8,0.6,1.2,0.7,0.9,0.8
Switzerland,nowcast,0.9,0.6,1.2,0.7,0.9,0.77
Switzerland,nowcast,0.9,0.6,1.2,0.7,1,0.72
Switzerland,nowcast,0.9,0.6,1.3,0.8,1,0.66
Switzerland,nowcast,1,0.6,1.4,0.8,1.1,0.59
Switzerland,nowcast,1,0.6,1.5,0.8,1.1,0.47
Turkey,nowcast,1.4,1.1,1.6,1.2,1.4,0.01
Turkey,nowcast,1.3,1.1,1.6,1.2,1.4,0.01
Turkey,nowcast,1.3,1.1,1.6,1.2,1.4,0.01
Turkey,nowcast,1.3,1.1,1.5,1.2,1.4,0.01
Turkey,nowcast,1.3,1,1.5,1.2,1.4,0.02
Turkey,nowcast,1.3,1,1.5,1.2,1.3,0.02
Turkey,nowcast,1.2,1,1.4,1.1,1.3,0.02
Turkey,nowcast,1.2,1,1.4,1.1,1.3,0.03
Turkey,nowcast,1.2,1,1.4,1.1,1.3,0.04
Turkey,nowcast,1.2,1,1.3,1.1,1.2,0.05
Turkey,nowcast,1.2,1,1.3,1.1,1.2,0.07
Turkey,nowcast,1.1,1,1.3,1.1,1.2,0.08
Turkey,nowcast,1.1,1,1.3,1.1,1.2,0.1
Turkey,nowcast,1.1,1,1.3,1.1,1.2,0.11
Turkey,nowcast,1.1,0.9,1.2,1,1.1,0.13
Turkey,nowcast,1.1,0.9,1.2,1,1.1,0.17
Turkey,nowcast,1.1,0.9,1.2,1,1.1,0.21
Turkey,nowcast,1.1,0.9,1.2,1,1.1,0.26
Turkey,nowcast,1,0.9,1.2,1,1.1,0.29
Turkey,nowcast,1,0.9,1.2,1,1.1,0.34
Turkey,nowcast,1,0.9,1.1,1,1.1,0.38
Turkey,nowcast,1,0.9,1.1,1,1.1,0.48
Turkey,nowcast,1,0.8,1.1,0.9,1,0.54
Turkey,nowcast,1,0.9,1.1,0.9,1,0.61
Turkey,nowcast,1,0.8,1.1,0.9,1,0.7
Turkey,nowcast,1,0.8,1.1,0.9,1,0.76
Turkey,nowcast,0.9,0.8,1.1,0.9,1,0.8
Turkey,nowcast,0.9,0.8,1.1,0.9,1,0.85
Turkey,nowcast,0.9,0.8,1,0.9,1,0.89
Turkey,nowcast,0.9,0.8,1,0.9,1,0.91
Turkey,nowcast,0.9,0.8,1,0.9,0.9,0.92
Turkey,nowcast,0.9,0.8,1,0.9,0.9,0.93
Turkey,nowcast,0.9,0.7,1,0.8,0.9,0.93
Turkey,nowcast,0.9,0.8,1,0.8,0.9,0.93
Turkey,nowcast,0.9,0.8,1,0.8,0.9,0.93
Turkey,nowcast,0.9,0.7,1,0.8,0.9,0.91
Turkey,nowcast,0.9,0.7,1,0.8,0.9,0.9
Turkey,nowcast,0.9,0.7,1.1,0.8,0.9,0.88
Turkey,nowcast,0.9,0.7,1.1,0.8,0.9,0.88
Turkey,nowcast,0.9,0.7,1.1,0.8,1,0.83
Turkey,nowcast,0.9,0.8,1.1,0.8,1,0.78
Turkey,nowcast,0.9,0.7,1.1,0.8,1,0.72
Turkey,forecast,0.9,0.7,1.2,0.8,1,0.74
Turkey,forecast,0.9,0.7,1.2,0.8,1,0.72
Turkey,forecast,0.9,0.7,1.2,0.8,1,0.71
Turkey,forecast,0.9,0.7,1.2,0.8,1,0.71
Turkey,forecast,0.9,0.6,1.2,0.8,1,0.72
Turkey,forecast,0.9,0.6,1.2,0.8,1,0.7
Turkey,forecast,0.9,0.6,1.2,0.8,1,0.72
Turkey,forecast,0.9,0.6,1.2,0.8,1,0.71
Turkey,forecast,0.9,0.6,1.3,0.7,1,0.69
Turkey,forecast,0.9,0.6,1.2,0.7,1,0.71
Turkey,forecast,0.9,0.5,1.3,0.7,1,0.7
Turkey,forecast,0.9,0.5,1.3,0.7,1,0.7
Turkey,forecast,0.9,0.5,1.3,0.7,1,0.69
Turkey,forecast,0.9,0.5,1.3,0.7,1,0.7
Ukraine,nowcast,1.2,0.7,1.7,1,1.4,0.22
Ukraine,nowcast,1.2,0.7,1.7,1,1.4,0.22
Ukraine,nowcast,1.2,0.7,1.7,1,1.4,0.25
Ukraine,nowcast,1.2,0.7,1.6,1,1.3,0.26
Ukraine,nowcast,1.1,0.7,1.6,0.9,1.3,0.28
Ukraine,nowcast,1.1,0.7,1.6,0.9,1.3,0.29
Ukraine,nowcast,1.1,0.7,1.6,0.9,1.3,0.32
Ukraine,nowcast,1.1,0.7,1.5,0.9,1.2,0.34
Ukraine,nowcast,1.1,0.7,1.5,0.9,1.2,0.33
Ukraine,nowcast,1.1,0.7,1.5,0.9,1.2,0.35
Ukraine,nowcast,1.1,0.7,1.5,0.9,1.2,0.34
Ukraine,nowcast,1.1,0.7,1.4,0.9,1.2,0.37
Ukraine,nowcast,1.1,0.7,1.5,0.9,1.2,0.34
Ukraine,nowcast,1.1,0.7,1.4,0.9,1.2,0.39
Ukraine,nowcast,1.1,0.7,1.5,0.9,1.2,0.39
Ukraine,nowcast,1.1,0.7,1.4,0.9,1.2,0.38
Ukraine,nowcast,1.1,0.7,1.5,0.9,1.2,0.38
Ukraine,nowcast,1.1,0.7,1.5,0.9,1.2,0.36
Ukraine,nowcast,1.1,0.7,1.4,0.9,1.2,0.34
Ukraine,nowcast,1.1,0.7,1.5,0.9,1.2,0.32
Ukraine,nowcast,1.1,0.7,1.5,0.9,1.2,0.29
Ukraine,nowcast,1.1,0.7,1.5,0.9,1.2,0.29
Ukraine,nowcast,1.1,0.7,1.5,1,1.2,0.26
Ukraine,nowcast,1.1,0.8,1.5,1,1.3,0.24
Ukraine,nowcast,1.2,0.8,1.6,1,1.3,0.23
Ukraine,nowcast,1.2,0.8,1.6,1,1.3,0.21
Ukraine,nowcast,1.2,0.8,1.6,1,1.3,0.19
Ukraine,nowcast,1.2,0.8,1.6,1,1.3,0.19
Ukraine,nowcast,1.2,0.8,1.7,1.1,1.4,0.16
Ukraine,nowcast,1.2,0.8,1.7,1.1,1.4,0.14
Ukraine,forecast,1.2,0.7,1.7,1,1.4,0.22
Ukraine,forecast,1.2,0.7,1.8,1,1.4,0.24
Ukraine,forecast,1.2,0.7,1.8,1,1.4,0.25
Ukraine,forecast,1.2,0.6,1.8,1,1.4,0.25
Ukraine,forecast,1.2,0.6,1.8,0.9,1.4,0.27
Ukraine,forecast,1.2,0.6,1.9,0.9,1.4,0.27
Ukraine,forecast,1.2,0.5,1.9,1,1.5,0.29
Ukraine,forecast,1.2,0.5,1.9,0.9,1.4,0.28
Ukraine,forecast,1.2,0.5,1.9,0.9,1.5,0.29
Ukraine,forecast,1.2,0.5,2,0.9,1.4,0.3
Ukraine,forecast,1.2,0.5,2,0.9,1.4,0.31
Ukraine,forecast,1.2,0.5,2,0.9,1.5,0.31
Ukraine,forecast,1.2,0.4,2.1,0.9,1.5,0.31
Ukraine,forecast,1.2,0.5,2.1,0.9,1.5,0.32
United Kingdom,nowcast,1.4,1.3,1.7,1.3,1.5,0
United Kingdom,nowcast,1.4,1.3,1.6,1.3,1.5,0
United Kingdom,nowcast,1.4,1.2,1.6,1.3,1.5,0
United Kingdom,nowcast,1.4,1.2,1.6,1.3,1.5,0
United Kingdom,nowcast,1.4,1.2,1.5,1.3,1.4,0
United Kingdom,nowcast,1.4,1.2,1.5,1.3,1.4,0
United Kingdom,nowcast,1.3,1.2,1.5,1.3,1.4,0
United Kingdom,nowcast,1.3,1.2,1.5,1.3,1.4,0
United Kingdom,nowcast,1.3,1.2,1.5,1.2,1.3,0
United Kingdom,nowcast,1.3,1.2,1.4,1.2,1.3,0
United Kingdom,nowcast,1.3,1.1,1.4,1.2,1.3,0
United Kingdom,nowcast,1.2,1.1,1.4,1.2,1.3,0
United Kingdom,nowcast,1.2,1.1,1.3,1.2,1.3,0
United Kingdom,nowcast,1.2,1.1,1.3,1.1,1.2,0
United Kingdom,nowcast,1.2,1.1,1.3,1.1,1.2,0
United Kingdom,nowcast,1.2,1.1,1.2,1.1,1.2,0
United Kingdom,nowcast,1.1,1,1.2,1.1,1.2,0.01
United Kingdom,nowcast,1.1,1,1.2,1.1,1.1,0.02
United Kingdom,nowcast,1.1,1,1.2,1,1.1,0.04
United Kingdom,nowcast,1.1,1,1.1,1,1.1,0.08
United Kingdom,nowcast,1,1,1.1,1,1.1,0.14
United Kingdom,nowcast,1,1,1.1,1,1.1,0.24
United Kingdom,nowcast,1,1,1.1,1,1,0.37
United Kingdom,nowcast,1,0.9,1.1,1,1,0.55
United Kingdom,nowcast,1,0.9,1,1,1,0.71
United Kingdom,nowcast,1,0.9,1,1,1,0.83
United Kingdom,nowcast,1,0.9,1,0.9,1,0.91
United Kingdom,nowcast,1,0.9,1,0.9,1,0.95
United Kingdom,nowcast,1,0.9,1,0.9,1,0.97
United Kingdom,nowcast,0.9,0.9,1,0.9,1,0.98
United Kingdom,nowcast,0.9,0.9,1,0.9,1,0.99
United Kingdom,nowcast,0.9,0.9,1,0.9,1,0.99
United Kingdom,nowcast,0.9,0.9,1,0.9,0.9,0.99
United Kingdom,nowcast,0.9,0.9,1,0.9,0.9,1
United Kingdom,nowcast,0.9,0.9,1,0.9,0.9,0.99
United Kingdom,nowcast,0.9,0.9,1,0.9,0.9,1
United Kingdom,nowcast,0.9,0.9,1,0.9,0.9,1
United Kingdom,nowcast,0.9,0.9,1,0.9,0.9,0.99
United Kingdom,nowcast,0.9,0.9,1,0.9,0.9,0.99
United Kingdom,nowcast,0.9,0.9,1,0.9,0.9,1
United Kingdom,nowcast,0.9,0.9,1,0.9,0.9,1
United Kingdom,nowcast,0.9,0.9,1,0.9,0.9,0.99
United Kingdom,nowcast,0.9,0.9,1,0.9,0.9,0.99
United Kingdom,nowcast,0.9,0.9,1,0.9,0.9,0.98
United Kingdom,nowcast,0.9,0.9,1,0.9,0.9,0.98
United Kingdom,nowcast,0.9,0.9,1,0.9,0.9,0.97
United Kingdom,nowcast,0.9,0.9,1,0.9,1,0.95
United Kingdom,nowcast,0.9,0.9,1,0.9,1,0.91
United Kingdom,forecast,0.9,0.9,1,0.9,1,0.89
United Kingdom,forecast,0.9,0.8,1,0.9,1,0.87
United Kingdom,forecast,0.9,0.8,1,0.9,1,0.85
United Kingdom,forecast,0.9,0.8,1.1,0.9,1,0.82
United Kingdom,forecast,0.9,0.8,1.1,0.9,1,0.82
United Kingdom,forecast,0.9,0.8,1.1,0.9,1,0.8
United Kingdom,forecast,0.9,0.8,1.1,0.9,1,0.79
United Kingdom,forecast,0.9,0.8,1.1,0.9,1,0.78
United Kingdom,forecast,0.9,0.7,1.1,0.9,1,0.77
United Kingdom,forecast,0.9,0.7,1.1,0.8,1,0.77
United Kingdom,forecast,0.9,0.7,1.1,0.8,1,0.77
United Kingdom,forecast,0.9,0.7,1.1,0.8,1,0.76
United Kingdom,forecast,0.9,0.7,1.1,0.8,1,0.73
United Kingdom,forecast,0.9,0.7,1.1,0.8,1,0.75
United States of America,nowcast,1.5,1.3,1.8,1.4,1.6,0
United States of America,nowcast,1.5,1.3,1.7,1.4,1.6,0
United States of America,nowcast,1.5,1.3,1.7,1.4,1.6,0
United States of America,nowcast,1.5,1.3,1.7,1.4,1.6,0
United States of America,nowcast,1.5,1.3,1.7,1.4,1.6,0
United States of America,nowcast,1.5,1.3,1.7,1.4,1.5,0
United States of America,nowcast,1.5,1.3,1.7,1.4,1.5,0
United States of America,nowcast,1.4,1.3,1.6,1.4,1.5,0
United States of America,nowcast,1.4,1.3,1.6,1.4,1.5,0
United States of America,nowcast,1.4,1.3,1.6,1.3,1.5,0
United States of America,nowcast,1.4,1.2,1.6,1.3,1.5,0
United States of America,nowcast,1.4,1.2,1.5,1.3,1.4,0
United States of America,nowcast,1.4,1.2,1.5,1.3,1.4,0
United States of America,nowcast,1.3,1.2,1.5,1.3,1.4,0
United States of America,nowcast,1.3,1.2,1.5,1.3,1.4,0
United States of America,nowcast,1.3,1.2,1.5,1.3,1.4,0
United States of America,nowcast,1.3,1.2,1.4,1.2,1.3,0
United States of America,nowcast,1.3,1.2,1.4,1.2,1.3,0
United States of America,nowcast,1.3,1.1,1.4,1.2,1.3,0
United States of America,nowcast,1.2,1.1,1.3,1.2,1.3,0
United States of America,nowcast,1.2,1.1,1.3,1.2,1.2,0
United States of America,nowcast,1.2,1.1,1.3,1.2,1.2,0
United States of America,nowcast,1.2,1.1,1.3,1.1,1.2,0
United States of America,nowcast,1.2,1.1,1.2,1.1,1.2,0
United States of America,nowcast,1.1,1.1,1.2,1.1,1.2,0
United States of America,nowcast,1.1,1.1,1.2,1.1,1.1,0
United States of America,nowcast,1.1,1,1.2,1.1,1.1,0
United States of America,nowcast,1.1,1,1.2,1.1,1.1,0.01
United States of America,nowcast,1.1,1,1.1,1,1.1,0.02
United States of America,nowcast,1.1,1,1.1,1,1.1,0.04
United States of America,nowcast,1,1,1.1,1,1.1,0.09
United States of America,nowcast,1,1,1.1,1,1,0.19
United States of America,nowcast,1,1,1.1,1,1,0.39
United States of America,nowcast,1,0.9,1,1,1,0.64
United States of America,nowcast,1,0.9,1,1,1,0.86
United States of America,nowcast,1,0.9,1,0.9,1,0.97
United States of America,nowcast,0.9,0.9,1,0.9,1,1
United States of America,nowcast,0.9,0.9,1,0.9,1,1
United States of America,nowcast,0.9,0.9,1,0.9,1,1
United States of America,nowcast,0.9,0.9,1,0.9,1,1
United States of America,nowcast,0.9,0.9,1,0.9,1,0.99
United States of America,nowcast,0.9,0.9,1,0.9,1,0.99
United States of America,nowcast,0.9,0.9,1,0.9,1,0.98
United States of America,nowcast,1,0.9,1,0.9,1,0.98
United States of America,nowcast,1,0.9,1,0.9,1,0.97
United States of America,nowcast,1,0.9,1,0.9,1,0.95
United States of America,nowcast,1,0.9,1,1,1,0.93
United States of America,nowcast,1,0.9,1,1,1,0.92
United States of America,nowcast,1,0.9,1,1,1,0.91
United States of America,nowcast,1,0.9,1,1,1,0.88
United States of America,nowcast,1,0.9,1,1,1,0.85
United States of America,nowcast,1,0.9,1,1,1,0.78
United States of America,nowcast,1,1,1,1,1,0.63
United States of America,forecast,1,0.9,1.1,1,1,0.6
United States of America,forecast,1,0.9,1.1,1,1,0.59
United States of America,forecast,1,0.9,1.1,1,1,0.59
United States of America,forecast,1,0.9,1.1,0.9,1,0.59
United States of America,forecast,1,0.9,1.1,0.9,1,0.58
United States of America,forecast,1,0.9,1.1,0.9,1,0.59
United States of America,forecast,1,0.9,1.1,0.9,1,0.6
United States of America,forecast,1,0.8,1.1,0.9,1,0.58
United States of America,forecast,1,0.8,1.1,0.9,1,0.59
United States of America,forecast,1,0.8,1.2,0.9,1.1,0.59
United States of America,forecast,1,0.8,1.2,0.9,1,0.59
United States of America,forecast,1,0.8,1.2,0.9,1.1,0.59
United States of America,forecast,1,0.8,1.2,0.9,1,0.6
United States of America,forecast,1,0.7,1.2,0.9,1,0.6
